create database cms CHARACTER SET utf8 COLLATE utf8_general_ci;;
use cms;

CREATE TABLE IF NOT EXISTS `cms_comment` (
  `id` mediumint(8) unsigned NOT NULL AUTO_INCREMENT,
  `user` varchar(20) NOT NULL COMMENT '//评论者',
  `content` varchar(250) NOT NULL COMMENT '//评论内容',
  `manner` tinyint(1) NOT NULL COMMENT '//评论态度',
  `cid` mediumint(8) unsigned NOT NULL COMMENT '//文章id',
  `sustain` smallint(6) unsigned NOT NULL COMMENT '//支持率',
  `oppose` smallint(6) unsigned NOT NULL COMMENT '//反对率',
  `state` tinyint(1) NOT NULL DEFAULT '0' COMMENT '//评论状态',
  `date` datetime NOT NULL,
  PRIMARY KEY (`id`)
) ENGINE=MyISAM  DEFAULT CHARSET=utf8 AUTO_INCREMENT=63 ;



INSERT INTO `cms_comment` (`id`, `user`, `content`, `manner`, `cid`, `sustain`, `oppose`, `state`, `date`) VALUES
(13, '会员', '钓鱼岛是中国的固有领土。。。', 1, 29, 1, 0, 1, '2018-05-23 16:11:05'),
(14, '游客', '中国航母辽宁舰在进行远洋航海测试。。。', 1, 34, 3, 1, 0, '2018-05-23 16:12:21'),
(12, '游客', '中国军事实力在不断提高。。。', 1, 28, 0, 0, 1, '2018-05-23 16:10:05'),
(15, '会员', '中国轰6K南海首降为何选在永兴岛？可覆盖越南全境......', 0, 35, 0, 0, 0, '2018-05-23 16:17:28'),
(16, '游客', '美媒详解中国驻吉布提基地：将用于支援6类作战行动....', -1, 33, 1, 1, 0, '2018-05-23 16:27:56'),
(17, '会员', '韩第二艘准航母历经13年后下水 加装四面相控阵雷达', -1, 30, 0, 0, 0, '2018-05-23 16:28:42'),
(20, '游客', '中国正在利用“一带一路”倡议这个大型基础设施项目，建设一条从中国中部到西方的路线。', 1, 31, 1, 0, 0, '2018-05-23 16:51:17'),
(21, '游客', '要想在复杂的汽车市场里面买到一款性价比非常高的车可以说是真的非常的难呀，到底怎样才能让自己找到一款无论外形、性能、价格上面都非常不错的车子呢，不用自己去找，这款车子一定让你爱不释手，那就是这款奔驰CL', 0, 22, 0, 0, 1, '2018-05-23 16:57:08'),
(22, '游客', '中国军事实力在不断提高。。。', 1, 35, 0, 0, 1, '2018-05-23 17:14:13'),
(19, '游客', '中国第1艘航空母舰辽宁舰前身是苏联瓦良格号航空母舰，中国利用自己力量完成对辽宁舰改装，第1艘国产航空母舰是中国依靠自己的力量自行设计、建造的，并且对原来设计进行改进和改型设计。', 1, 32, 0, 0, 0, '2018-05-23 16:46:10'),
(26, '游客', '《环球时报》记者发现，“空军发布”的相关视频中，在跑道末段出现了编号为23的跑道号码，这与卫星照片中永兴岛的跑道号码一致。', 1, 35, 1, 0, 1, '2018-05-23 17:53:56'),
(27, '游客', '解放军歼11超低空突防 离海面仅30米与货轮擦肩而过', 1, 28, 2, 1, 1, '2018-05-23 17:58:51'),
(28, '游客', '南部战区空军飞豹战斗轰炸机带鹰击-83K反舰导弹。 　　“贺兰飞狮”旅的对海超低空突防训练，限于歼-11A/BS战机均无法挂载精确制导反舰武器，所以在对海打击时可能只能用火箭弹。不过进行这样的海上训练仍然很有必要，因为就算不能进行对海精确打击，以30米高度，与民用货轮擦肩而过的隐蔽飞行，在海上空战中仍有实用战术价值。（作者署名：百战刀）', 0, 28, 6, 1, 1, '2018-05-23 18:03:57'),
(23, '会员', '[环球时报特约记者 李强 环球时报记者 刘扬]5月18日，“空军发布”微博披露了一组轰-6K“战神”岛礁起降训练的图文和视频（如图）', 0, 35, 5, 3, 1, '2018-05-23 17:20:22'),
(24, '游客', '我国第一艘航母辽宁舰排水量达到5万吨级别。一般来说，航母每1000吨可搭载1架舰载机，比如4万吨级“戴高乐”号核动力航母就可搭载40架舰载机。', 0, 34, 5, 1, 1, '2018-05-23 17:31:21'),
(25, '游客', '美国《防务新闻》19日报道称，轰-6K此次首次降落的南海机场是位于西沙群岛的永兴岛， 而且轰-6K的最新改进型将装备具备核能力的空射弹道导弹。而《环球时报》记者通过对比“空军发布”之前的视频和图文发现...', -1, 35, 3, 1, 0, '2018-05-23 17:34:51'),
(42, '游客', '一位匿名中国军事专家对《环球时报》记者表示，之所以将轰-6K南海首降选在永兴岛，可能基于三个原因：首先永兴岛机场经过多年建设，各种设施比较完善，跑道长度达到3000米左右.', 1, 35, 8, 5, 1, '2018-05-23 18:22:13'),
(62, '游客', '江苏卷好难啊', 1, 26, 0, 0, 0, '2018-10-19 13:58:50'),
(60, '游客', '中国军事', 1, 28, 0, 0, 0, '2018-09-04 14:11:53'),
(44, '会员', '神威大队”征战南海防务新闻》网站题为“显示力量？', 1, 35, 3, 1, 1, '2018-05-23 18:24:43'),
(49, '游客', '此外，“空军发布”公布的参与此次任务的轰-6K编号为41175，与空军发布微博3月27日发布的“空军‘神威大队’加快提升战略进攻能力”视频中最后出现的一架轰-6K编号完全一致。', 0, 35, 8, 3, 1, '2018-05-23 19:11:21'),
(54, '游客', '近日，关于宝马X8的传闻再度曝出。宝马方面计划在2020年初正式推出这款全新SUV车型。而该车的定位将高于已公布的X7，并设计为两排4座或5座布局。另外，宝马X8有可能采用和劳斯莱斯库里南相同的平台进', 0, 19, 2, 0, 1, '2018-05-24 10:34:33'),
(57, '游客', '高校90后教授天团了解下 看别人二十几岁在干啥，厉害啊。', 1, 27, 1, 0, 0, '2018-05-24 15:03:11');


CREATE TABLE IF NOT EXISTS `cms_content` (
  `id` mediumint(8) unsigned NOT NULL AUTO_INCREMENT COMMENT '//编号',
  `title` varchar(50) NOT NULL COMMENT '//标题',
  `nav` mediumint(8) unsigned NOT NULL COMMENT '//栏目号',
  `attr` varchar(20) NOT NULL COMMENT '//属性',
  `tag` varchar(30) NOT NULL COMMENT '//标签',
  `keyword` varchar(30) NOT NULL COMMENT '//关键字',
  `thumbnail` varchar(100) NOT NULL COMMENT '//缩略图',
  `source` varchar(20) NOT NULL COMMENT '//文章来源',
  `author` varchar(10) NOT NULL COMMENT '//作者',
  `info` varchar(200) NOT NULL COMMENT '//简介',
  `content` text NOT NULL COMMENT '//详细内容',
  `commend` tinyint(1) NOT NULL DEFAULT '1' COMMENT '//评论',
  `count` smallint(6) NOT NULL DEFAULT '0' COMMENT '//浏览次数',
  `gold` smallint(6) NOT NULL DEFAULT '0' COMMENT '//消费金币',
  `sort` tinyint(1) NOT NULL DEFAULT '0' COMMENT '//排序',
  `readlimit` tinyint(1) NOT NULL DEFAULT '0' COMMENT '//阅读权限',
  `color` varchar(10) NOT NULL DEFAULT 'null' COMMENT '//颜色',
  `date` datetime NOT NULL COMMENT '//发布时间',
  PRIMARY KEY (`id`)
) ENGINE=MyISAM  DEFAULT CHARSET=utf8 AUTO_INCREMENT=60 ;



INSERT INTO `cms_content` (`id`, `title`, `nav`, `attr`, `tag`, `keyword`, `thumbnail`, `source`, `author`, `info`, `content`, `commend`, `count`, `gold`, `sort`, `readlimit`, `color`, `date`) VALUES
(19, '宝马X8曝新消息 5座布局与库里南共平台', 24, '头条,推荐', '宝马', '宝马X8', '/cms/uploads/20180520/20180520170556352.jpg', 'sina.com', 'admin', '近日，关于宝马X8的传闻再度曝出。宝马方面计划在2020年初正式推出这款全新SUV车型。而该车的定位将高于已公布的X7，并设计为两排4座或5座布局。另外，宝马X8有可能采用和劳斯莱斯库里南相同的平台进', '<p>近日，关于宝马X8的传闻再度曝出。宝马方面计划在2020年初正式推出这款全新SUV车型</p>\r\n\r\n<p>。而该车的定位将高于已公布的X7，并设计为两排4座或5座布局。</p>\r\n\r\n<p>另外，宝马X8有可能采用和劳斯莱斯库里南相同的平台进</p>\r\n', 1, 1006, 888, 0, 0, '', '2018-10-01 19:18:44'),
(20, '颜值即正义？比亚迪宋MAX除了颜值更有硬实力', 19, '头条,推荐', '比亚迪宋', '比亚迪宋', '/cms/uploads/20180520/20180520191942205.jpg', 'sina.com', 'adminabc', '作为新能源汽车引领者的比亚迪，在汽车新能源领域做得风生水起，也实现了2014-2017年新能源车四连冠。新能源汽车的崛起可能让很多人认为比亚迪燃油车做的不太好，其实不然，那也只是因为燃油车被新能源的强', '<p style="margin-left:0px; margin-right:0px; text-align:start"><span style="font-size:18px"><span style="color:#4d4f53"><span style="font-family:&quot;Hiragino Sans GB&quot;,&quot;Microsoft Yahei&quot;,&quot;STHeiti Light&quot;,SimSun,Arial,sans-serif">作为新能源汽车引领者的比亚迪，在汽车新能源领域做得风生水起，也实现了2014-2017年新能源车四连冠。新能源汽车的崛起可能让很多人认为比亚迪燃油车做的不太好，其实不然，那也只是因为燃油车被新能源的强大遮住了光芒。</span></span></span></p>\r\n\r\n<div class="img_wrapper" style="-webkit-text-stroke-width:0px; margin-bottom:40px; margin-left:0px; margin-right:0px; margin-top:40px; padding:0px; text-align:center"><span style="font-size:18px"><span style="color:#4d4f53"><span style="font-family:&quot;Hiragino Sans GB&quot;,&quot;Microsoft Yahei&quot;,&quot;STHeiti Light&quot;,SimSun,Arial,sans-serif"><img alt="颜值即正义？比亚迪宋MAX除了颜值更有硬实力" src="http://n.sinaimg.cn/sinacn00/540/w720h620/20180520/55e8-haturfs9637200.jpg" style="border-width:0px; display:block; font-style:normal; margin:0px auto; max-width:640px; padding:0px" /></span></span></span></div>\r\n\r\n<p style="margin-left:0px; margin-right:0px; text-align:start"><span style="font-size:18px"><span style="color:#4d4f53"><span style="font-family:&quot;Hiragino Sans GB&quot;,&quot;Microsoft Yahei&quot;,&quot;STHeiti Light&quot;,SimSun,Arial,sans-serif">比亚迪宋MAX便是近期崛起的一款燃油车，定位家用MPV的它在上市前万众瞩目，上市后备受好评。今年3月，宋MAX销量达到了14498辆，位于国内MPV销量排行版第二名，仅次于五菱宏光，至于五菱宏光为何销量持续第一，大家都懂得！宋MAX的销量说明其得到了消费者认可，恰巧，我这周也进行了宋MAX的试驾，同时也感受到了其强大的产品力。</span></span></span></p>\r\n\r\n<p style="margin-left:0px; margin-right:0px; text-align:start"><span style="font-size:18px"><span style="color:#4d4f53"><span style="font-family:&quot;Hiragino Sans GB&quot;,&quot;Microsoft Yahei&quot;,&quot;STHeiti Light&quot;,SimSun,Arial,sans-serif"><strong>第一印象，颜值NICE</strong></span></span></span></p>\r\n\r\n<p style="margin-left:0px; margin-right:0px; text-align:start"><span style="font-size:18px"><span style="color:#4d4f53"><span style="font-family:&quot;Hiragino Sans GB&quot;,&quot;Microsoft Yahei&quot;,&quot;STHeiti Light&quot;,SimSun,Arial,sans-serif">现在大家经常说的一句话便是颜值即正义，事实也的确如此。有些人总说内心才是最重要的，但颜值不过关，谁会去了解你的内心？</span></span></span></p>\r\n\r\n<div class="img_wrapper" style="-webkit-text-stroke-width:0px; margin-bottom:40px; margin-left:0px; margin-right:0px; margin-top:40px; padding:0px; text-align:center">&nbsp;</div>\r\n\r\n<p style="margin-left:0px; margin-right:0px; text-align:start"><span style="font-size:18px"><span style="color:#4d4f53"><span style="font-family:&quot;Hiragino Sans GB&quot;,&quot;Microsoft Yahei&quot;,&quot;STHeiti Light&quot;,SimSun,Arial,sans-serif">宋MAX被人所了解的第一印象便是高颜值，这也的确是它出色的地方。宋MAX采用了比亚迪最新的&ldquo;Dragon Face&rdquo;家族设计语言，而这正是出自比亚迪设计总监&mdash;&mdash;沃尔夫冈&middot;艾格之手，说到这个名字可能有部分人会觉得陌生，但你只要知道他以前是设计奥迪汽车的就好。</span></span></span></p>\r\n\r\n<div class="img_wrapper" style="-webkit-text-stroke-width:0px; margin-bottom:40px; margin-left:0px; margin-right:0px; margin-top:40px; padding:0px; text-align:center">&nbsp;</div>\r\n\r\n<p style="margin-left:0px; margin-right:0px; text-align:start"><span style="font-size:18px"><span style="color:#4d4f53"><span style="font-family:&quot;Hiragino Sans GB&quot;,&quot;Microsoft Yahei&quot;,&quot;STHeiti Light&quot;,SimSun,Arial,sans-serif">大家之手必不出凡品，可能您看到宋MAX的前脸总会感到眼熟，但又一时半会想不起是啥！&ldquo;Dragon Face&rdquo;设计语言正是采用了我们中国龙脸的设计，甚至看起来有一丝&ldquo;凶残&rdquo;。</span></span></span></p>\r\n\r\n<div class="img_wrapper" style="-webkit-text-stroke-width:0px; margin-bottom:40px; margin-left:0px; margin-right:0px; margin-top:40px; padding:0px; text-align:center">&nbsp;</div>\r\n\r\n<p style="margin-left:0px; margin-right:0px; text-align:start"><span style="font-size:18px"><span style="color:#4d4f53"><span style="font-family:&quot;Hiragino Sans GB&quot;,&quot;Microsoft Yahei&quot;,&quot;STHeiti Light&quot;,SimSun,Arial,sans-serif">进气格栅就是&ldquo;龙嘴&rdquo;，很大却又不失精致。宋字的大LOGO采用黑红渐变配色，可以看出满满的中国元素。</span></span></span></p>\r\n', 1, 68, 88, 0, 0, '', '2018-10-02 19:21:15'),
(21, '这台车售价售价80万，比奔驰奥迪更大气，土豪们都抢着去购买', 20, '加粗', '沃尔沃', '售价80万', '/cms/uploads/20180520/20180520170556352.jpg', 'sina.com', 'admin', '说起沃尔沃这个品牌，也许在国内并没有奔驰奥迪那么出名，说起沃尔沃还是有很多人并不了解，可是在国外沃尔沃的品牌深受老百姓喜欢，而且卖的非常好，近日小编了解到，沃尔沃再一次重金打造出来一款B级别的轿车，售', '<p>说起沃尔沃这个品牌，也许在国内并没有奔驰奥迪那么出名，说起沃尔沃还是有很多人并不了解，</p>\r\n\r\n<p>可是在国外沃尔沃的品牌深受老百姓喜欢，而且卖的非常好，近日小编了解到，沃尔沃再一次重金打造出来一款B级别的轿车，售</p>\r\n', 1, 79, 99, 0, 0, '', '2018-10-08 19:22:40'),
(22, '奔驰推出全新轿跑车型帅到爆, 定位与大众CC的价格。被奔驰拖死的豪车，开上它都会为', 24, '头条', '性价比', '性价比，大众，奔驰', '/cms/uploads/20180520/20180520170556352.jpg', 'sina.com', 'admin', '要想在复杂的汽车市场里面买到一款性价比非常高的车可以说是真的非常的难呀，到底怎样才能让自己找到一款无论外形、性能、价格上面都非常不错的车子呢，不用自己去找，这款车子一定让你爱不释手，那就是这款奔驰CL', '<p>要想在复杂的汽车市场里面买到一款性价比非常高的车可以说是真的非常的难呀，到底怎样才能让自己找到一款无论外形、性能、价格上面都非常不错的车子呢，不用自己去找，这款车子一定让你爱不释手，那就是这款奔驰CL</p>\r\n', 1, 105, 100, 0, 0, '', '2018-10-15 19:23:45'),
(23, '被奔驰拖死的豪车，开上它都会为之骄傲，现降价50万虐哭途乐', 24, '头条,推荐', '奔驰', '奔驰', '/cms/uploads/20180520/20180520193536211.jpg', 'sina.com', 'admin', '被奔驰拖死的豪车，开上它都会为之骄傲，现降价50万虐哭途乐', '<h1>被奔驰拖死的豪车，开上它都会为之骄傲，现降价50万虐哭途乐</h1>\r\n', 1, 100, 100, 0, 0, '', '2018-10-11 19:25:11'),
(24, '中科院最有学问井盖火了 专家选公式让学生涂鸦', 19, '推荐', '中科院最有学问井盖火了 专家选公式让学生涂鸦', '中科院最有学问井盖火了 专家选公式让学生涂鸦', '/cms/uploads/20180520/20180520193846474.jpg', 'sina.com', 'admin', '中科院最有学问井盖火了 专家选公式让学生涂鸦', '<h1>中科院最有学问井盖火了 专家选公式让学生涂鸦中科院最有学问井盖火了 专家选公式让学生涂鸦中科院最有学问井盖火了 专家选公式让学生涂鸦中科院最有学问井盖火了 专家选公式让学生涂鸦中科院最有学问井盖火了 专家选公式让学生涂鸦中科院最有学问井盖火了 专家选公式让学生涂鸦中科院最有学问井盖火了 专家选公式让学生涂鸦中科院最有学问井盖火了 专家选公式让学生涂鸦中科院最有学问井盖火了 专家选公式让学生涂鸦中科院最有学问井盖火了 专家选公式让学生涂鸦中科院最有学问井盖火了 专家选公式让学生涂鸦中科院最有学问井盖火了 专家选公式让学生涂鸦中科院最有学问井盖火了 专家选公式让学生涂鸦中科院最有学问井盖火了 专家选公式让学生涂鸦中科院最有学问井盖火了 专家选公式让学生涂鸦中科院最有学问井盖火了 专家选公式让学生涂鸦中科院最有学问井盖火了 专家选公式让学生涂鸦中科院最有学问井盖火了 专家选公式让学生涂鸦中科院最有学问井盖火了 专家选公式让学生涂鸦中科院最有学问井盖火了 专家选公式让学生涂鸦中科院最有学问井盖火了 专家选公式让学生涂鸦中科院最有学问井盖火了 专家选公式让学生涂鸦</h1>', 1, 104, 100, 0, 0, '', '2018-10-12 19:25:53'),
(25, '第一批00后即将高考 他们真的“垮掉”了吗？', 18, '推荐', '第一批00后即将高考 他们真的“垮掉”了吗？', '第一批00后即将高考 他们真的“垮掉”了吗？', '/cms/uploads/20180520/20180520193846474.jpg', 'sina.com', 'admin', '第一批00后即将高考 他们真的“垮掉”了吗？', '<h1>第一批00后即将高考 他们真的&ldquo;垮掉&rdquo;了吗？</h1>\r\n', 1, 102, 100, 0, 0, '', '2018-10-13 19:26:32'),
(26, '2017高考语文各地作文题目速览（附简评）江苏还是一如既往的那么难。', 18, '头条,加粗', '2017高考语文各地作文题目速览（附简评）', '2017高考语文各地作文题目速览（附简评）', '/cms/uploads/20180520/20180520193846474.jpg', 'sina.com', 'admin', '2017高考语文各地作文题目速览（附简评）', '<h1>2017高考语文各地作文题目速览（附简评）</h1>\r\n', 1, 107, 100, 0, 0, '', '2018-10-18 19:27:07'),
(27, '高校90后教授天团了解下 看别人二十几岁在干啥', 19, '加粗,推荐', '高校90后教授天团了解下 看别人二十几岁在干啥', '高校90后教授天团了解下 看别人二十几岁在干啥', '/cms/uploads/20180520/20180520193158792.jpg', 'sina.com', 'admin', '高校90后教授天团了解下 看别人二十几岁在干啥', '<h1>高校90后教授天团了解下 看别人二十几岁在干啥</h1>\r\n', 1, 104, 100, 0, 0, '', '2018-10-18 19:27:42'),
(28, '解放军歼11超低空突防 离海面仅30米与货轮擦肩而过，太惊险了。', 19, '头条', '中国军事--解放军', '中国军事', '/cms/uploads/20180520/20180520193158792.jpg', 'sina.com', 'admin', '近日，中国空军歼-11A、歼-11BS战机混编部队进行了超低空山谷飞行和海上突防突击训练。央视《军事报道》透露，这支西部战区空军王牌部队在飞行中将高度降至最低真高30米！按照国际标准划分，飞行高度距离海平面或地面100米以下的飞行叫超低空飞行。空军歼-11战机此次的飞行真实高度比超低空标准还低了70米，降低的幅度超过2/3！', '歼-11战机与海上的货轮擦肩而过。\n\n　　从央视画面来看，这支飞行技术强悍的空军部队是号称“贺兰飞狮”的西部战区空军某王牌航空兵旅。这支部队装备歼-11A战机多年，一直是扼守我国西部空域咽喉要道的一线部队。近年来，该旅又补充了歼-11BS双座双发战斗教练机。此次的山地、海上超低空突防训练，就有歼-11A、歼-11BS战机的共同参与。\n\n\n梦里讲经天竺国：核爆成功20年后印度核武器什么水平1/5查看原图图集模式\n近日印度官方首次公开了一批该国20年前代号为沙克蒂行动的核试验照片。二十年前的1998年5月11日下午，印度成功躲开美国的侦察卫星，在印度西部拉贾斯坦邦的伯克兰地区一天之内连续进行三次核试验，正式宣告印度跨进世界核国家行列。虽然印度的核试验晚于中国，导致很多人误以为印度核研究的起步也晚于中国，但实际上印度是亚洲最早展开核研究的国家之一。印度如何发展核工业，在核工业体系建设中又曝光了哪些问题，本期出鞘带您关注印度核工业发展。（查看完整内容搜索微信公众号：sinamilnews）\n\n\n　　虽然在信息化防空作战体系面前，由于低空、对海补盲雷达技术越来越先进，低空、超低空突防战术的价值已远远不如一二十年以前。但是利用地形起伏、海面杂波等地理特性，躲避“敌”雷达探测，待接近至导弹发射距离才突然跃升抢占阵位，仍然有不小的实战价值。\n\n\n　　“贺兰飞狮”旅歼-11BS战机超低空钻山沟。\n\n　　尤其在群山绵延的空域，“贺兰飞狮”旅以离地三四十米高度的高度，在并不连贯的一个个山谷中连续飞行，连绵的山峰几乎可以完全掩盖住战机飞行的踪迹。相对海上数十米高度超低空飞行主要要防止出现飞行错觉，钻山沟的超低空飞行更要提高防撞警惕。\n\n　　可以想象，因为一座座山峰离得很近，山与山之间的距离远近不一，飞行员在驾驶战机时需要不停的调整操纵杆和蹬舵，精神必须一直处于高度紧张状态。而在利用山地掩护穿越“敌”雷达预警网之后，“贺兰飞狮”旅的歼-11战机并不能拉高高度，而是必须以同样离海面仅有30米的高度，立刻进行对海突防。\n\n\n　　歼-11战机飞出海岸线。\n\n　　从报道来看，歼-11A、歼-11BS等国产组装、改进的重型三代战机，都装备了国产地形跟踪/回避（TF/TA）系统。这一系统不但能精准扫描前方碰撞距离以外的障碍物，而且具备较强自主性，可以有效辅助飞行员进行超低空飞行。而且该系统在自动和手动模式间的切换十分迅捷，有效降低了飞行员长时间低空、超低空飞行时的操作负担。\n\n　　此外，由此次报道也可以看出，中国空军现在加大了对海攻击训练的比重。此前虽然空军战机出岛链进行远海训练已经实现常态化，但那些训练主要针对在海上发生的空战。而近来，空军歼-11战机、飞豹战斗轰炸机、轰-6K轰炸机等直接进行对海面目标打击的训练，已经越来越多。\n\n\n广告\n　　南部战区空军飞豹战斗轰炸机带鹰击-83K反舰导弹。\n\n　　“贺兰飞狮”旅的对海超低空突防训练，限于歼-11A/BS战机均无法挂载精确制导反舰武器，所以在对海打击时可能只能用火箭弹。不过进行这样的海上训练仍然很有必要，因为就算不能进行对海精确打击，以30米高度，与民用货轮擦肩而过的隐蔽飞行，在海上空战中仍有实用战术价值。（作者署名：百战刀）', 1, 149, 100, 0, 0, '', '2018-09-20 19:32:09'),
(29, '安倍出席海保观阅式 叫嚣钓鱼岛海域为日本领海', 27, '推荐', '钓鱼岛', '日本军事', '/cms/uploads/20180520/20180520193303781.jpg', 'sina.com', 'admin', '据日本共同社报道，20日，日本首相安倍晋三在出席纪念海上保安厅成立70周年的观阅式时，叫嚣中国钓鱼岛是日本的领海，并表示将强化海洋“安保”工作。', '据日本共同社报道，20日，日本首相安倍晋三在出席纪念海上保安厅成立70周年的观阅式时，叫嚣中国钓鱼岛是日本的领海，并表示将强化海洋“安保”工作。\n\n　　据报道，日本首相安倍晋三20日出席了在东京湾举行的纪念海上保安厅成立70周年的观阅式。参观综合训练后，安倍在巡逻船“屋岛”训话，称日本周边海域的局势前所未有地严峻，考虑到钓鱼岛附近中国公务船多次驶进日本领海，日本将与各国合作强化国际海洋秩序。报道称，训话中安倍并未点名中国，使用的措辞是“外国公务船反复进入领海”。\n\n国家海洋局发布的巡航通知国家海洋局发布的巡航通知\n　　据此前报道，国家海洋局网站18日对外发布，2018年5月18日，中国海警2307、2401、2101、33115舰船编队在我钓鱼岛领海内巡航。 据悉，这是年内中国海警船第九次巡航钓鱼岛12海里，此次巡航遭遇到日本海上保安厅巡逻船的跟踪和干扰，日本外务省还对中方公务船的正当巡航活动提出了所谓的“抗议”。\n\n外交部发言人华春莹外交部发言人华春莹\n广告\n　　外交部曾多次就钓鱼岛主权问题表明立场。中国外交部发言人华春莹曾表示，钓鱼岛及其附属岛屿自古以来就是中国领土。中国政府公务船在有关海域的巡航执法正当合法。中国维护领土主权和海洋权益的决心和意志坚定不移，今后将继续开展有关巡航执法活动。陆慷也曾表示，中方在钓鱼岛问题上的立场非常清楚，钓鱼岛及其附属岛屿是中国的固有领土。我们敦促日方停止在钓鱼岛问题上制造事端，要求日方按照2014年双方达成的四点原则共识精神，与中方相向而行，以实际行动为两国关系改善发展作出努力。　据日本共同社报道，20日，日本首相安倍晋三在出席纪念海上保安厅成立70周年的观阅式时，叫嚣中国钓鱼岛是日本的领海，并表示将强化海洋“安保”工作。\n\n　　据报道，日本首相安倍晋三20日出席了在东京湾举行的纪念海上保安厅成立70周年的观阅式。参观综合训练后，安倍在巡逻船“屋岛”训话，称日本周边海域的局势前所未有地严峻，考虑到钓鱼岛附近中国公务船多次驶进日本领海，日本将与各国合作强化国际海洋秩序。报道称，训话中安倍并未点名中国，使用的措辞是“外国公务船反复进入领海”。\n\n国家海洋局发布的巡航通知国家海洋局发布的巡航通知\n　　据此前报道，国家海洋局网站18日对外发布，2018年5月18日，中国海警2307、2401、2101、33115舰船编队在我钓鱼岛领海内巡航。 据悉，这是年内中国海警船第九次巡航钓鱼岛12海里，此次巡航遭遇到日本海上保安厅巡逻船的跟踪和干扰，日本外务省还对中方公务船的正当巡航活动提出了所谓的“抗议”。', 1, 109, 100, 0, 0, '', '2018-10-10 19:33:32'),
(30, '韩第二艘准航母历经13年后下水 加装四面相控阵雷达', 31, '推荐', '韩国军事--准航母', '韩国军事', '/cms/uploads/20180520/20180520193439354.jpg', 'sina.com', 'admin', '近日，韩国在其最大的造船基地釜山韩进重工造船厂下水了一艘最新的两栖攻击舰（又称准航母）“马罗岛”号。据悉，“马罗岛”号两栖攻击舰是2005年下水的“独岛”号的后继舰，但并没有延续“独岛”的纯两栖攻击舰布局，而是在“独岛”的基础上做了堪称“改头换面”的修改，其最大的改进特征就是在舰桥上加装了俗称“盾”的四面相控阵雷达。', '在舰体结构和航空甲板运用方向上，“马罗岛”和“独岛”基本没有什么差异，升降机、起重机和甲板上的近防炮都没有移动位置。\n\n　　但在“独岛”上安装荷兰制SMART-L远程警戒雷达的后桅杆，到“马罗岛”号上成了安装左右后三面相控阵雷达天线（以色列制EL/M-2248）的平台，除此之外，前桅杆下也被“垫高”了一层，用于为前向的相控阵雷达天线让出视野最好的安装位置。\n\n　　除此之外，独岛号的“拉姆”近程防空导弹和“守门员”近防炮组成的系统被整体更换，口径30毫米的“守门员”被美制“密集阵”替代；至于安装于舰桥上的“拉姆”，在“马罗岛”号上则完全不见了踪影，航空甲板上也找不到其它防空武器安装的位置。\n\n图为网友绘制的“马罗岛”和“独岛”两艘两栖攻击舰的对比示意。图为网友绘制的“马罗岛”和“独岛”两艘两栖攻击舰的对比示意。\n　　而从韩方公开的资料中我们可以看出，“马罗岛”号两栖攻击舰实际上还搭载K-VLS垂直发射系统，不过该垂直发射系统安装的空间并不大，“马罗岛”可能只安装有8个单元的K-VLS，看起来数量稍微有点小。\n\n　　不过，这套K-VLS并非和“世宗大王”号驱逐舰上一样，用于搭载韩国自主研发制造的“玄武”舰对地巡航导弹，或是韩国自研的鲨鱼/海星系列反潜/反舰导弹，其主要目的还是立足于防空作战。\n\n图为正从K-VLS中发射出去的“海弓”防空导弹。图为正从K-VLS中发射出去的“海弓”防空导弹。\n　　凭借着体积较小，“一坑四弹”的韩国国产“海弓”防空导弹，“马罗岛”号便能发挥出其以色列制相控阵雷达的全部威力：该弹的射程较ESSM“改进型海麻雀”稍微长一些，这样的射程正好适合采用相控阵雷达和主动导引头来配合导引作战，适合对抗大量亚音速反舰导弹集中饱和来袭的场合，在导弹进入视距之前就将其击落。\n\n图为“北方假想敌”的高速导弹艇和亚音速反舰导弹（技术来自缅甸）。图为“北方假想敌”的高速导弹艇和亚音速反舰导弹（技术来自缅甸）。\n　　应该这么说，无论是“独岛”还是“马罗岛”，其最初的目标都是要在对“北方假想敌”的反攻战中登陆敌军薄弱的大后方，开启第二条战线。\n\n　　但随着南北两方的军事对抗局势逐渐平稳，韩军在取得绝对优势的同时，也发觉半岛的“内部威胁”已经不如外部威胁来得更严重，而“外部威胁”首当其冲就是韩民族百年来的冤家，只隔着一条对马海峡的日本。\n\n图为并排参加日美联合军演的“伊势”（后）和“出云”（前）两条直升机驱逐舰（反潜航母）。图为并排参加日美联合军演的“伊势”（后）和“出云”（前）两条直升机驱逐舰（反潜航母）。', 1, 74, 44, 0, 0, '', '2018-10-12 19:34:53'),
(31, '美媒称中国海军规模将是美军两倍：他们想收复台湾', 24, '推荐', '美国军事--台湾', '美国军事', '/cms/uploads/20180520/20180520193536211.jpg', 'sina.com', 'admin', '《今日美国报》网站5月18日发表奥伦・多雷尔的文章《中国的军事扩张如何威胁美国利益》称，分析人士在众议院一个委员会称，中国正在发展一支两倍于美国海军规模的海军，而且正在努力取代美国成为全球主要国家。', '▲《今日美国报》网站相关报道截图\n\n　　海军前情报官员、目前效力于日内瓦安全政策研究中心的詹姆斯・法内尔说，中国到2030年将拥有近550艘军舰，这个数字相当于目前美国海军规模的近两倍。\n\n　　法内尔17日在众议院情报委员会称：“预计中国将把美国挤出亚太地区。美国将失去更多的盟友。”\n\n　　分析人士指出了中国正努力在亚洲和其他地区超越美国的四个信号：\n\n　　对台湾的威胁\n\n　　美国企业研究所亚洲研究主管丹・布卢门撒尔说，中国大陆对台湾发起了一项咄咄逼人的“持续高压”攻势。\n\n　　法内尔说：“他们想收复台湾。”\n\n\n　　▲空军发言人11日发布消息，苏-35战机首次与轰-6K战机编队飞越巴士海峡，实现了绕岛巡航模式的新突破。\n\n　　外国港口\n\n　　报道称，中国正在利用“一带一路”倡议这个大型基础设施项目，建设一条从中国中部到西方的路线。布卢门撒尔说，中国将绕过美国控制的航线，来取得对外国港口和其他设施的控制权。\n\n　　布卢门撒尔说：“重大投资流向了巴基斯坦和孟加拉国，这使得（中国）能够不必取道美国控制的马六甲海峡而进入印度洋。这是用钱买路。”', 1, 110, 100, 0, 0, '', '2018-10-07 19:35:45'),
(32, '俄媒：中国第2艘航母都海试 我们只造了6艘千吨小船', 26, '推荐', '俄罗斯军事', '俄罗斯军事', '/cms/uploads/20180520/20180520193652438.jpg', 'sina.com', 'admin', '俄媒：中国第2艘航母都海试 我们只造了6艘千吨小船....', '中国第1艘航空母舰辽宁舰前身是苏联瓦良格号航空母舰，中国利用自己力量完成对辽宁舰改装，第1艘国产航空母舰是中国依靠自己的力量自行设计、建造的，并且对原来设计进行改进和改型设计，有消息说中国海军还将建造更多航空母舰，中国将会成为继美国之后拥有第二多航母的国家，相比较之下苏联解体之后，俄罗斯就没有建造航空母舰，从现在俄罗斯经济技术实力来看，短期内建造航空母舰可能性也不太大，所以俄罗斯人才会有这样感叹。\n\n\n　　苏联核动力航空母舰已经开工\n\n\n　　俄罗斯改装维克拉玛蒂亚号却一拖再拖\n\n　　我们知道苏联舰船工业分布在全加盟共和国境内，考虑到黑海是苏联少有的暖海，所以苏联大型舰船建造基地设在乌克兰境内，黑海造船厂更是苏联唯一航母船厂，另外乌克兰曙光联合体也是苏联舰用燃气轮机主要研制厂商，苏联解体之后，黑海造船厂和曙光联合体都归乌克兰所有，所以有人评估“几乎一夜之间，俄罗斯失去了建设大型舰船的能力”，另外俄罗斯经济长期不振，对于国防工业投资减少，俄罗斯境内舰船设计单位、船厂状况也非常不好，技术力量流失、设备老化，整体实力下滑严重，俄罗斯在北德文斯克船厂为印度改装维克拉玛蒂亚号航空母舰工期一拖再拖，就是实力不济，俄罗斯海军曾经向法国引进西北风级两栖攻击舰，就是对国内船厂技术力量信心不足。', 1, 108, 100, 0, 0, '', '2018-10-04 19:36:59'),
(33, '美媒详解中国驻吉布提基地：将用于支援6类作战行动即将开始。', 24, '推荐,头条', '美国军事--中国驻吉布提基地', '美国军事', '/cms/uploads/20180520/20180520193745387.jpg', 'sina.com', 'adminabc', '[知远导读]本文译自美国海军分析中心（Center for Naval Analyses， CNA）中国研究组发布的一份专题报告，\r\n标题为《驻吉布提军事保障设施：中国首个海外基地的经济与安全维度》。2015年11月，中国首度公开承认正在吉布提建立其第一个海外军事设施。而美国军事力量在非洲地区规模最大的基地设施也部署在吉布提。', '<p>&nbsp;</p>\r\n\r\n<p>[知远导读]本文译自美国海军分析中心（Center for Naval Analyses， CNA）中国研究组发布的一份专题报告，</p>\r\n\r\n<p>标题为《驻吉布提军事保障设施：中国首个海外基地的经济与安全维度》</p>\r\n\r\n<p>2015年11月，中国首度公开承认正在吉布提建立其第一个海外军事设施</p>\r\n\r\n<p>而美国军事力量在非洲地区规模最大的基地设施也部署在吉布提.在2015年11月26日的一次例行新闻发布会上，</p>\r\n\r\n<p>中国外交部发言人首次正式承认了传言已久的在吉布提的建设计划，称：&amp;ldquo;中国和吉布提作为友好国家，正就在吉建设保障设施事进行协商。该设施将更好地保障中国军队执行国际维和、亚丁湾和索马里海域护航、人道主义救援等任务。这对中国军队有效履行国际义务，维护国际和地区和平与稳定，具有积极意义。</p>\r\n\r\n<p>中国在吉军事保障设施相关情况</p>\r\n\r\n<p>中国驻吉布提军事后勤保障设施的主体，毗邻多哈雷多功能港口而建，坐落于其西南侧（见图1）。而中国海军在此港口中，已经有了一个专用泊位。按照预期，该设施于2017年竣工，而中国政府却从未正式提供将驻守于此处的官兵具体数量。根据非官方的报道，此基地将包括油库、武器库、装备器材库以及直升机、军民舰船的配套维护修理设施。</p>\r\n\r\n<p>图1。中国在吉布提的海军军用设施（来源：谷歌地球）</p>\r\n\r\n<p>香港的商业电视网络公司凤凰卫视（Phoenix TV）曾报道，第一期工程竣工后，多哈雷港将建成6个泊位，其中一个专门供解放军海军使用（见图1）。按照设计指标，总系泊线长度达1200米。如果按照各泊位等长计算，各泊位系泊长度为200米，除解放军两型最大的水面舰船（&amp;ldquo;辽宁&amp;rdquo;号航空母舰和071&amp;ldquo;玉昭&amp;rdquo;级船坞登陆舰）之外，足够其他各类型舰船靠泊。而且，在此专用泊位上，通过舷侧并靠的方式，还可同时容纳多艘舰船靠泊。</p>\r\n\r\n<p>表1。曾参加亚丁湾反海盗任务编队的各型中国军用舰船主尺度表</p>\r\n\r\n<p>中国正式宣布其建立军事保障设施，使其成为了第七个在吉布提保持军事存在的国家。本报告编撰之时，沙特阿拉伯与吉布提正在进行最后阶段的磋商。完成相关磋商后，沙特阿拉伯也将开始在吉布提驻军，使其成为第八个驻军此处的国家。如图2所示，吉布提的外国驻军设施彼此间距大致都在16千米内，围绕依托吉布提城的主要港口和机场设施而建。法军驻守的机场在最南端，位于南郊的巴尔巴拉（Balbala）。<br />\r\n&nbsp;</p>\r\n', 1, 69, 1314, 1, 0, 'blue', '2018-10-19 10:37:54'),
(34, '辽宁舰为何只带24架歼15 一架就能占用500人的空间，不像美国那样可以搭载几十架战斗机。', 19, '推荐,头条,加粗', '中国军事--辽宁舰、歼十五.....', '中国军事', '/cms/uploads/20180520/20180520193846474.jpg', '腾讯新闻', 'zhansan', '我国第一艘航母辽宁舰排水量达到5万吨级别。一般来说，航母每1000吨可搭载1架舰载机，比如4万吨级“戴高乐”号核动力航母就可搭载40架舰载机。但辽宁舰却只搭载了36架舰载机，其中战斗力核心所在的歼-15更是只有24架。为何辽宁舰搭载舰载机的“性价比”这么低？', '<p style="text-align:center"><span style="font-family:Georgia,serif"><strong>我国第一艘航母辽宁舰排水量达到5万吨级别。一般来说，航母每1000吨可搭载1架舰载机，比如4万吨级&ldquo;戴高乐&rdquo;号核动力航母就可搭载40架舰载机。</strong></span></p>\r\n\r\n<p style="text-align:center"><span style="font-family:Georgia,serif"><strong>但辽宁舰却只搭载了36架舰载机，其中战斗力核心所在的歼-15更是只有24架。为何辽宁舰搭载舰载机的&ldquo;性价比&rdquo;这么低？</strong></span></p>\r\n\r\n<p style="text-align:center"><span style="font-family:Georgia,serif"><strong>确实有一部分原因是源自原始设计，不过第二艘002航母能搭载的舰载机数量也不会比辽宁舰多多少，所以根本原因在哪里？看完下面这张图，就能解释清楚了。 </strong></span></p>\r\n\r\n<p style="text-align:center"><span style="font-family:Georgia,serif"><strong>　图为辽宁舰舰载机升降机。 　　这张图片来自央视对南海大阅兵的报道画面。从中可以看出，平时只能供一架歼-15舰载机升降调度的升降机</strong></span></p>\r\n\r\n<p style="text-align:center"><span style="font-family:Georgia,serif"><strong>，当时却密密麻麻站满了航母舰员。仔细一数就会发现，这些舰员共排出了16行，28-30列。也就是说，在最外侧空间还能至少站下两行人的情况下，</strong></span></p>\r\n\r\n<p style="text-align:center"><span style="font-family:Georgia,serif"><strong>这个巨大的升降机已站了448-280人！ 夜凉河汉截天流：为何歼20是拦截美军B-52轰炸机主力1/25查看原图图集模式 本月9日，</strong></span></p>\r\n\r\n<p style="text-align:center"><span style="font-family:Georgia,serif"><strong>我国官媒报道了我国歼-20战斗机首次开展海上方向实战化训练的新闻。新闻中称，歼-20发挥了先敌发现、先敌发射、先敌毁伤、</strong></span></p>\r\n\r\n<p style="text-align:center"><span style="font-family:Georgia,serif"><strong>先敌脱离优势，在制空任务中削弱对手防御能力、阻滞对手作战进程、打击对手海上目标。</strong></span></p>\r\n\r\n<p style="text-align:center"><span style="font-family:Georgia,serif"><strong>次日，有外国网友爆料本月8日有两架美军B-52H轰炸机从关岛起飞，飞往冲绳后折返。这两件事背后是否有何关联？本期《出鞘》为您评析。</strong></span></p>\r\n', 0, 264, 123, 1, 0, 'green', '2018-10-13 19:38:52'),
(35, '中国轰6K南海首降为何选在永兴岛？可覆盖越南全境......', 19, '推荐,头条', '中国军事--轰炸机--南海--越南', '中国军事...', '/cms/uploads/20180520/20180520193945801.jpg', 'www.sina.com', 'admin12', '[环球时报特约记者 李强 环球时报记者 刘扬]5月18日，“空军发布”微博披露了一组轰-6K“战神”岛礁起降训练的图文和视频（如图），\r\n迅速引发国内外媒体广泛关注。美国《防务新闻》19日报道称，轰-6K此次首次降落的南海机场是位于西沙群岛的永兴岛，\r\n而且轰-6K的最新改进型将装备具备核能力的空射弹道导弹。而《环球时报》记者通过对比“空军发布”之前的视频和图文发现...', '<p><span style="font-size:14px">[环球时报特约记者 李强 环球时报记者 刘扬]5月18日，&ldquo;空军发布&rdquo;微博披露了一组轰-6K&ldquo;战神&rdquo;岛礁起降训练的图文和视频，迅速引发国内外媒体广泛关注。美国《防务新闻》19日报道称，轰-6K此次首次降落的南海机场是位于西沙群岛的永兴岛，而且轰-6K的最新改进型将装备具备核能力的空射弹道导弹。而《环球时报》记者通过对比&ldquo;空军发布&rdquo;之前的视频和图文发现，执行此次任务的部队包括&ldquo;神威大队&rdquo;所在师。</span></p>\r\n\r\n<p><span style="font-size:14px">　　&ldquo;神威大队&rdquo;征战南海</span></p>\r\n\r\n<p><span style="font-size:14px">　　《防务新闻》网站题为&ldquo;显示力量？中国轰炸机在南海机场着陆&rdquo;的文章称，中国首次在南海的一个机场上降落战略轰炸机，中国军方表示，这将使其轰炸机机组人员获得在岛礁机场的操作经验。报道称，中国军方表示，在对海上目标进行模拟攻击之后，包括轰-6K在内的多型多架轰炸机在岛上机场着陆和起飞。</span></p>\r\n\r\n<p><span style="font-size:14px">　　报道称，中国空军发布的视频显示，解放军空军的一个轰炸机师在该机场进行了&ldquo;连续起飞&rdquo;和复飞训练。报道称，该轰炸机师驻扎在陕西省，距离永兴岛约1200英里，在公开报道中轰-6K的2200英里作战半径范围内。不过中国军方表示，这架飞机是从中国南部的一个机场起飞。</span></p>\r\n\r\n<p><span style="font-size:14px">　　《环球时报》记者对比发现，&ldquo;空军发布&rdquo;此次的消息称，&ldquo;此次训练，师长郝建科驾轰-6K战机带头从南方某机场起飞，在既定空域完成对海上目标突击训练后，赴某岛礁机场进行起降训练&rdquo;。而3月27日&ldquo;空军发布&rdquo;题为&ldquo;神勇亮剑空天 &nbsp;投送大国之威！中国空军&lsquo;神威大队&rsquo;加快提升战略进攻能力&rdquo;的报道称，&ldquo;神威大队&rdquo;所在师师长为郝建科。而相关报道则称&ldquo;神威大队&rdquo;所在师为中部战区航空兵某师。也就是说，执行此次岛礁起降任务的部队包括中部战区空军的&ldquo;神威大队&rdquo;所在师。此外，&ldquo;空军发布&rdquo;公布的参与此次任务的轰-6K编号为41175，与空军发布微博3月27日发布的&ldquo;空军&lsquo;神威大队&rsquo;加快提升战略进攻能力&rdquo;视频中最后出现的一架轰-6K编号完全一致。</span></p>\r\n\r\n<p><span style="font-size:14px">　　为何选择永兴岛</span></p>\r\n\r\n<p><span style="font-size:14px">　　根据中国军方发布视频的跑道方位和其他基础设施，《防务新闻》的文章认为，本次轰-6K起降的机场位于西沙群岛的永兴岛，而不是中国在南沙群岛人工岛礁上建造的机场。</span></p>\r\n\r\n<p><span style="font-size:14px">　　《环球时报》记者发现，&ldquo;空军发布&rdquo;的相关视频中，在跑道末段出现了编号为23的跑道号码，这与卫星照片中永兴岛的跑道号码一致。</span></p>\r\n\r\n<p><span style="font-size:14px">　　一位匿名中国军事专家对《环球时报》记者表示，之所以将轰-6K南海首降选在永兴岛，可能基于三个原因：首先永兴岛机场经过多年建设，各种设施比较完善，跑道长度达到3000米左右，起降过波音737客机，非常便于轰-6K这种大型飞机起降。其次，从这里起飞轰-6K，已经有足够大的战术优势，携带常规炸弹，满弹起飞，西可以覆盖越南全境，东可以覆盖台湾岛，南可以抵达南沙各岛。如果是满油起飞，覆盖范围就更大。第三，永兴岛位于西沙群岛，在这里起降轰-6K不会引发南海岛礁声索国的过分关注，可以把不利的国际声音降到最低。</span></p>\r\n', 1, 1519, 1314, 2, 0, 'red', '2018-10-15 19:39:53'),
(41, '高校推“共享学长” 扫码选择帅气学长搬行李、陪报到', 18, '头条,推荐,加粗', '高校', '共享学长', '', '新浪网站', '老王', '九月，又到了一年开学季。在各个高校，学长学姐迎新一直是一道亮丽的风景线，深受新生的喜欢。9月1日-2日，在四川西南航空职业学院的新生开学现场，高年级的学生就根据当下最流行的“共享模式”推出了一项扫码“暖心学长”的迎新服务，新生只要扫码，就可以选择学长提供“搬运行李”、“参观校园”、“陪同报到”、“整理寝室”等暖心服务。新颖的迎新方式也得到网友的关注和点赞，有不少网友感叹，“这又是别人家的学校。”', '<p>九月，又到了一年开学季。在各个高校，学长学姐迎新一直是一道亮丽的风景线，深受新生的喜欢。9月1日-2日，在四川西南航空职业学院的新生开学现场，高年级的学生就根据当下最流行的&ldquo;共享模式&rdquo;推出了一项扫码&ldquo;暖心学长&rdquo;的迎新服务，新生只要扫码，就可以选择学长提供&ldquo;搬运行李&rdquo;、&ldquo;参观校园&rdquo;、&ldquo;陪同报到&rdquo;、&ldquo;整理寝室&rdquo;等暖心服务。新颖的迎新方式也得到网友的关注和点赞，有不少网友感叹，&ldquo;这又是别人家的学校。&rdquo;</p>\r\n\r\n<p><img alt="" src="http://n.sinaimg.cn/edu/crawl/116/w550h366/20180904/aQSn-hiqtcan7769985.jpg" /></p>\r\n\r\n<p>　　在该校扫码&ldquo;暖心学长&rdquo;的迎新服务点，6名整装待发的高年级学长阳光帅气，随时准备为新生服务。新生们在了解了活动流程后，纷纷前来扫码选择&ldquo;心仪&rdquo;的学长帮忙。&ldquo;没想到还有这种服务，学长们真的太暖心了。&rdquo;该校空中乘务专业新生李明瑶说道：&ldquo;学长的服务非常好，很绅士，我们都很满意。&rdquo;</p>\r\n\r\n<p><img alt="" src="http://n.sinaimg.cn/edu/crawl/116/w550h366/20180904/DQX_-hiqtcan7770017.jpg" /></p>\r\n\r\n<p>　　&ldquo;没想到会如此受欢迎，一天下来我都来来回回跑了二十多趟了。&rdquo;参与此项活动的王昱程说道。据悉，该活动就是王昱程与自己所在绅士淑女会一起策划的，&ldquo;我们就像创新这种迎新方式，采用新生可能会喜欢的&lsquo;扫码&rsquo;、&lsquo;共享&rsquo;方式，既为他们提供了帮助，也展现了我们作为学长学姐的形象，非常有意义。&rdquo;</p>\r\n\r\n<p><img alt="高校迎新出新招 新生扫码“暖心学长”搬行李、陪报到" src="http://n.sinaimg.cn/edu/crawl/116/w550h366/20180904/CYrN-hiqtcan7770471.jpg" /></p>\r\n\r\n<p><img alt="高校迎新出新招 新生扫码“暖心学长”搬行李、陪报到" src="http://n.sinaimg.cn/edu/crawl/116/w550h366/20180904/x4wu-hiqtcan7770537.jpg" /></p>\r\n\r\n<p><img alt="高校迎新出新招 新生扫码“暖心学长”搬行李、陪报到" src="http://n.sinaimg.cn/edu/crawl/116/w550h366/20180904/UYTz-hiqtcan7770604.jpg" /></p>\r\n\r\n<p><img alt="高校迎新出新招 新生扫码“暖心学长”搬行李、陪报到" src="http://n.sinaimg.cn/edu/crawl/116/w550h366/20180904/95-Q-hiqtcan7770665.jpg" /></p>\r\n\r\n<p><img alt="高校迎新出新招 新生扫码“暖心学长”搬行李、陪报到" src="http://n.sinaimg.cn/edu/crawl/116/w550h366/20180904/HytB-hiqtcan7770718.jpg" /></p>\r\n\r\n<p><img alt="" src="http://n.sinaimg.cn/edu/crawl/116/w550h366/20180904/Z3Et-hiqtcan7771192.jpg" /></p>\r\n', 1, 102, 100, 0, 0, '', '2018-10-04 17:43:31'),
(40, '真正的开学第一课：奥巴马谈我们为什么要上学', 18, '头条,推荐,加粗', '高考，教育', '教育', '/cms/uploads/20180904/20180904173634612.jpg', '新浪网站', 'admin', '我们为什么要上学？\r\n　　我想无论你有多大、在读哪个年级，许多人都打心底里希望现在还在放假，以及今天不用那么早起床。\r\n　　我可以理解这份心情。小时候，我们家在印度尼西亚住过几年，而我妈妈没钱送我去其他美国孩子们上学的地方去读书，因此她决定自己给我上课――时间是每周一到周五的凌晨4点半。\r\n', '<p><strong>我们为什么要上学？</strong></p>\r\n\r\n<p>　　我想无论你有多大、在读哪个年级，许多人都打心底里希望现在还在放假，以及今天不用那么早起床。</p>\r\n\r\n<p>　　我可以理解这份心情。小时候，我们家在印度尼西亚住过几年，而我妈妈没钱送我去其他美国孩子们上学的地方去读书，因此她决定自己给我上课&mdash;&mdash;时间是每周一到周五的凌晨4点半。</p>\r\n\r\n<p>　　显然，我不怎么喜欢那么早就爬起来，很多时候，我就这么在厨房的桌子前睡着了。每当我埋怨的时候，我妈总会用同一副表情看着我说：&ldquo;小鬼，你以为教你我就很轻松？&rdquo;</p>\r\n\r\n<p>　　所以，我可以理解你们中的许多人对于开学还需要时间来调整和适应，但今天我站在这里，是为了和你们谈一些重要的事情。我要和你们谈一谈你们每个人的教育，以及在新的学年里，你们应当做些什么。</p>\r\n\r\n<p><img alt="真正的开学第一课：奥巴马谈我们为什么要上学" src="http://n.sinaimg.cn/edu/transform/716/w460h256/20180904/9dss-hiqtcan8449314.jpg" /></p>\r\n\r\n<p><strong>关于&ldquo;责任&rdquo;</strong></p>\r\n\r\n<p>　　我做过许多关于教育的讲话，也常常用到&ldquo;责任&rdquo;这个词。</p>\r\n\r\n<p>　　我谈到过教师们有责任激励和启迪你们，督促你们学习。</p>\r\n\r\n<p>　　我谈到过家长们有责任看管你们认真学习、完成作业，不要成天只会看电视或打游戏机。我也很多次谈到过政府有责任设定高标准严要求、协助老师和校长们的工作，改变在有些学校里学生得不到应有的学习机会的现状。</p>\r\n\r\n<p>　　但哪怕这一切都达到最好，哪怕我们有最尽职的教师、最好的家长和最优秀的学校，假如你们不去履行自己的责任的话，那么这一切努力都会白费&mdash;&mdash;</p>\r\n\r\n<p>　　除非你每天准时去上学、除非你认真地听老师讲课、除非你把父母、长辈和其他大人们说的话放在心上、除非你肯付出成功所必需的努力，否则这一切都会失去意义。</p>\r\n\r\n<p>　　而这就是我今天讲话的主题：对于自己的教育，你们中每一个人的责任。首先，我想谈谈你们对于自己有什么责任。</p>\r\n\r\n<p><img alt="真正的开学第一课：奥巴马谈我们为什么要上学" src="http://n.sinaimg.cn/edu/transform/293/w550h543/20180904/-fJt-hiqtcan8450932.jpg" /></p>\r\n', 1, 100, 100, 0, 0, '', '2018-10-04 17:39:10');
INSERT INTO `cms_content` (`id`, `title`, `nav`, `attr`, `tag`, `keyword`, `thumbnail`, `source`, `author`, `info`, `content`, `commend`, `count`, `gold`, `sort`, `readlimit`, `color`, `date`) VALUES
(42, '第一批“00后”踏入大学时代 田间第一课接地气', 18, '头条,推荐,加粗', '00后、大学', '00后、大学', '/cms/uploads/20180904/20180904174604364.jpg', '新浪网站', 'admin', '随着开学季的来临，在兰各高校陆续迎来新生，与往年不同的是，第一批“00后”也正式踏入大学时代。在甘肃农业大学4000余名本科新生中，年龄最小的新生只有16岁；兰州交通大学的5000余名新生中，年龄最小的只有14岁。面对这些主张个性、崇尚自由的“00后”新生，西北师范大学、甘肃农业大学也开展了别样的迎新活动，以便让这些新生能够尽快适应大学生活。', '<p><strong>第一批&ldquo;00后&rdquo;踏入大学时代</strong></p>\r\n\r\n<p>　　<strong>田间第一课接地气 迎新活动很暖心</strong></p>\r\n\r\n<p><img alt="新生畅游黄河" src="http://n.sinaimg.cn/edu/crawl/664/w400h264/20180904/60ob-hiqtcan8162414.jpg" />新生畅游黄河</p>\r\n\r\n<p><img alt="农大同学的第一课从田间地头开始" src="http://n.sinaimg.cn/edu/crawl/700/w400h300/20180904/AA49-hiqtcan8162552.jpg" />农大同学的第一课从田间地头开始</p>\r\n\r\n<p>　　随着开学季的来临，在兰各高校陆续迎来新生，与往年不同的是，第一批&ldquo;00后&rdquo;也正式踏入大学时代。在甘肃农业大学4000余名本科新生中，年龄最小的新生只有16岁；兰州交通大学的5000余名新生中，年龄最小的只有14岁。面对这些主张个性、崇尚自由的&ldquo;00后&rdquo;新生，西北师范大学、甘肃农业大学也开展了别样的迎新活动，以便让这些新生能够尽快适应大学生活。</p>\r\n\r\n<p>　　<strong>百年师大喜迎7000多名新同学</strong></p>\r\n\r\n<p>　　初秋金城，瓜果飘香。9月3日，西北师大迎来全国各地的2018级新生。4242名本科生，134名预科生，161名专升本，2680名硕士研究生，124名博士研究生，123名留学生怀揣着对大学生活的憧憬，迈入百年学府西北师范大学。</p>\r\n\r\n<p>　　&ldquo;西北师大有着百年深厚的文化底蕴，我就是奔着她来的！&rdquo;甘肃籍新生孔亚星兴奋地说。心理学院新生王生普同学这样描述他和西北师大的第一感觉：&ldquo;学校的绿化很好，硬件设施齐全。我很喜欢心理学专业，高中时就加入了心理学社，希望在这里能够继续钻研心理学。&rdquo;广东籍的尹同学参观完校园后，感叹道：&ldquo;学校智慧餐厅快捷安全、菜品繁多，我很喜欢这里，想更快地熟悉校园环境，尽快融入其中。&rdquo;</p>\r\n\r\n<p>　　来自山东青岛的双胞胎姐妹纪凯璇、纪凯h今年一起考入了传媒学院。她们的父母高兴地说：&ldquo;在孩子的成长路上，最重要的是支持孩子的兴趣爱好。选择西北师大，尽管路途遥远，但西北师大与北师大同根同源、一脉相承，有着悠久历史传统。踏入校园，深深体会到了深厚的文化底蕴，希望孩子在学校快乐学习，健康成长。&rdquo;</p>\r\n\r\n<p>　　为了更快速、便捷做好新生报到工作，学校通过微信公众平台、迎新系统实现全部数据自动流转，从开学通知、预先报到、交通指南、学费缴纳、住宿安排、舍友信息、手机选号，到学籍检录、网络开通、餐饮消费，实现了一站式贴心服务。来自文学院的新生称赞：&ldquo;西苑餐厅外设置的二维码标志物，扫描后进入学校官方微信，我立刻查询在哪里办一卡通、哪里领军训服&hellip;&hellip;作为新生，并没有太多的手忙脚乱，感觉像回家一样。&rdquo;</p>\r\n\r\n<p>　　迎新期间，学校还在火车站、汽车站，学校中心广场、新校区等地设立车辆接送站，车上有志愿者陪同，校内报到点设立新生引导处、行李寄存处、失物招领处、家长休息区等服务点，帮助新生完成报到。</p>\r\n\r\n<p>　　<strong>甘农大新生第一课从田间地头到企业厂房</strong></p>\r\n\r\n<p>　　在甘肃农业大学，农学院2018级188名新生在开学第一天，就参加了一场别开生面的专业认知教育课。农学、种子科学与技术、中草药栽培与鉴定、植物科学与技术4个专业的2018级本科生走进田间地头和企业厂房，亲身感受和体验所学专业的魅力，进而激发同学们学农爱农事农的热情。</p>\r\n\r\n<p>　　在白银的金穗种业玉米杂交种制种基地，农学院院长王化俊教授，用通俗易懂的语言向同学们介绍了作物杂交育种的基本原理，介绍了我省以及全国种子行业发展现状。金穗种业负责人、甘肃农业大学农学81级校友陆登义，向同学们介绍了种子加工流程、设备、车间以及贮藏运输关键技术，并从企业以及生产一线的角度为同学们介绍了种子行业的发展前进；在陇西中天药业集团，陈垣教授介绍了我省的中药材生产与加工的特色与优势，并为同学们展示了中药材的炮制、加工，药剂的制备，成分检验以及药材、药物的贮藏运输车间、流水线以及订制的库房；在定西香泉乡马铃薯研究所，农学院党委书记白江平教授，向同学们讲解了马铃薯微型薯生产的主要流程，并带领同学们深入了解无土栽培的主要技术工艺；在白银现代农业示范园区，通过园区负责人的详细介绍，同学们从宏观方向了解了现代农业园区的设置与规划的基本原理，对现代农业的旅游、观光农业以及&ldquo;乡村振兴&rdquo;等概念有了初步认知。</p>\r\n\r\n<p>　　两天时间里累计行程1500余公里，每天早上7时不到出发，晚上7时以后才回到学校，日程安排非常紧，但是丝毫没有影响同学们的学习热情。同学们纷纷在班级群表示：&ldquo;新型农业很强大&rdquo;&ldquo;要想摆脱单一的小农经济生产模式，就要向规模化、生态化和科技化发展&rdquo;&rdquo;只有自己亲眼看到，亲身体验过，才会知道自己作为农学院的学生，身上所肩负的使命，以及作为一个农业人的荣耀&rdquo;&hellip;&hellip;</p>\r\n\r\n<p>　　从2018级开始，甘肃农业大学大一新生的专业认知由教室转向了企业与农业生产一线的田间地头。</p>\r\n', 1, 100, 100, 0, 0, '', '2018-10-06 17:46:54'),
(43, '大疆一直是无人机之王，而新的Mavics几乎是完美的', 18, '头条,推荐', '无人机', '无人机', '/cms/uploads/20180904/20180904175057260.jpg', '', 'admin', '本月早些时候，大疆揭开了两款新无人机的面纱：Mavic 2 Pro和Mavic 2变焦――可以说是该公司（或任何一家公司）推出的两款最先进的无人机。尽管它们比以往任何时候都更强大，但它们在很多方面都与DJI最初的Mavic非常相似。因此，为了找出它们与前辈的不同之处(以及它们之间的不同之处)，我们对两架无人机进行了为期一周的严格飞行测试。', '<p style="margin-left:0px; margin-right:0px; text-align:start"><span style="font-size:18px"><span style="color:#4d4f53"><span style="font-family:&quot;Microsoft Yahei&quot;,微软雅黑,SimHei,tahoma,arial,&quot;Hiragino Sans GB&quot;,宋体">本月早些时候，大疆揭开了两款新无人机的面纱：Mavic 2 Pro和Mavic 2变焦&mdash;&mdash;可以说是该公司（或任何一家公司）推出的两款最先进的无人机。尽管它们比以往任何时候都更强大，但它们在很多方面都与DJI最初的Mavic非常相似。因此，为了找出它们与前辈的不同之处(以及它们之间的不同之处)，我们对两架无人机进行了为期一周的严格飞行测试。这是去:</span></span></span></p>\r\n\r\n<p style="margin-left:0px; margin-right:0px; text-align:start"><span style="font-size:18px"><span style="color:#4d4f53"><span style="font-family:&quot;Microsoft Yahei&quot;,微软雅黑,SimHei,tahoma,arial,&quot;Hiragino Sans GB&quot;,宋体">出色的特性和规格</span></span></span></p>\r\n\r\n<p style="margin-left:0px; margin-right:0px; text-align:start"><span style="font-size:18px"><span style="color:#4d4f53"><span style="font-family:&quot;Microsoft Yahei&quot;,微软雅黑,SimHei,tahoma,arial,&quot;Hiragino Sans GB&quot;,宋体">在我们深入研究这篇评论之前，有一点很重要，那就是，除了它们携带的摄像头，Mavic 2无人机在规格上是完全相同的。因此，无论何时我们提到一个与相机无关的特性，您都可以放心地假设Mavic 2 Pro和Mavic 2 Zoom上都有这个特性。</span></span></span></p>\r\n\r\n<p style="margin-left:0px; margin-right:0px; text-align:start"><span style="font-size:18px"><span style="color:#4d4f53"><span style="font-family:&quot;Microsoft Yahei&quot;,微软雅黑,SimHei,tahoma,arial,&quot;Hiragino Sans GB&quot;,宋体">老实说，Mavic 2系列并没有比Mavic Pro的原始飞行规格有很大的改进。无人机可以在空中多停留几分钟(31分钟而不是29分钟)，并且比它们的前辈飞得更快(44英里而不是40英里)&mdash;&mdash;但仅此而已。最重要的改进是Mavic 2的软件、传感能力和摄像头。</span></span></span></p>\r\n\r\n<p style="margin-left:0px; margin-right:0px; text-align:start"><span style="font-size:18px"><span style="color:#4d4f53"><span style="font-family:&quot;Microsoft Yahei&quot;,微软雅黑,SimHei,tahoma,arial,&quot;Hiragino Sans GB&quot;,宋体">实际上，Mavic 2唯一的竞争对手是其他大疆无人机。</span></span></span></p>\r\n\r\n<p style="margin-left:0px; margin-right:0px; text-align:start"><span style="font-size:18px"><span style="color:#4d4f53"><span style="font-family:&quot;Microsoft Yahei&quot;,微软雅黑,SimHei,tahoma,arial,&quot;Hiragino Sans GB&quot;,宋体">在软件方面，Mavic 2搭载了DJI的新ActiveTrack 2.0，它允许无人机自主地跟踪移动的目标，而且比以往任何时候都更加精确。此外，Pro和Zoom还装备了OcuSync 2.0: DJI最新的视频传输技术，可以让你实时看到无人机看到的东西&mdash;&mdash;现在是1080p。</span></span></span></p>\r\n\r\n<p style="margin-left:0px; margin-right:0px; text-align:start"><span style="font-size:18px"><span style="color:#4d4f53"><span style="font-family:&quot;Microsoft Yahei&quot;,微软雅黑,SimHei,tahoma,arial,&quot;Hiragino Sans GB&quot;,宋体">DJI还为Mavic 2系列配备了一个大幅度改进的环境传感系统。虽然最初的Mavic Pro只感知到前方的障碍物(Mavic Air增加了后面和下面的障碍物)，但第二代拥有全方位的感觉和避免，这要归功于它的前、后、左、右、顶和底的10个传感器。</span></span></span></p>\r\n\r\n<p style="margin-left:0px; margin-right:0px; text-align:start"><span style="font-size:18px"><span style="color:#4d4f53"><span style="font-family:&quot;Microsoft Yahei&quot;,微软雅黑,SimHei,tahoma,arial,&quot;Hiragino Sans GB&quot;,宋体"><img class="article-img" src="https://n.sinaimg.cn/sinacn13/267/w640h427/20180903/1148-hiqtcan3390537.jpg" style="border:none; display:block; margin:0px auto; max-width:660px; padding:0px; vertical-align:top" /></span></span></span></p>\r\n\r\n<p style="margin-left:0px; margin-right:0px; text-align:start"><span style="font-size:18px"><span style="color:#4d4f53"><span style="font-family:&quot;Microsoft Yahei&quot;,微软雅黑,SimHei,tahoma,arial,&quot;Hiragino Sans GB&quot;,宋体"><img class="article-img" src="https://n.sinaimg.cn/sinacn13/267/w640h427/20180903/6b68-hiqtcan3391933.jpg" style="border:none; display:block; margin:0px auto; max-width:660px; padding:0px; vertical-align:top" /></span></span></span></p>\r\n\r\n<p style="margin-left:0px; margin-right:0px; text-align:start"><span style="font-size:18px"><span style="color:#4d4f53"><span style="font-family:&quot;Microsoft Yahei&quot;,微软雅黑,SimHei,tahoma,arial,&quot;Hiragino Sans GB&quot;,宋体"><img class="article-img" src="https://n.sinaimg.cn/sinacn13/267/w640h427/20180903/8c8e-hiqtcan3392231.jpg" style="border:none; display:block; margin:0px auto; max-width:660px; padding:0px; vertical-align:top" /></span></span></span></p>\r\n\r\n<p style="margin-left:0px; margin-right:0px; text-align:start"><span style="font-size:18px"><span style="color:#4d4f53"><span style="font-family:&quot;Microsoft Yahei&quot;,微软雅黑,SimHei,tahoma,arial,&quot;Hiragino Sans GB&quot;,宋体"><img class="article-img" src="https://n.sinaimg.cn/sinacn13/267/w640h427/20180903/e3f8-hiqtcan3392842.jpg" style="border:none; display:block; margin:0px auto; max-width:660px; padding:0px; vertical-align:top" /></span></span></span></p>\r\n\r\n<p style="margin-left:0px; margin-right:0px; text-align:start"><span style="font-size:18px"><span style="color:#4d4f53"><span style="font-family:&quot;Microsoft Yahei&quot;,微软雅黑,SimHei,tahoma,arial,&quot;Hiragino Sans GB&quot;,宋体">最后但并非最不重要的是，Mavic 2拥有两款新相机中的一款。Mavic 2 Pro携带集成的Hasselblad相机，带有1英寸CMOS传感器和可调光圈，而Mavic 2变焦拥有较小的1/2.3英寸传感器，以及从24毫米到48毫米的变焦能力。稍后我们将深入研究相机规格。</span></span></span></p>\r\n\r\n<p style="margin-left:0px; margin-right:0px; text-align:start"><span style="font-size:18px"><span style="color:#4d4f53"><span style="font-family:&quot;Microsoft Yahei&quot;,微软雅黑,SimHei,tahoma,arial,&quot;Hiragino Sans GB&quot;,宋体">综上所述，Mavic 2系列绝对是革命性的，而不是革命性的&mdash;&mdash;但在这种情况下，这是一件好事。看起来，大疆保留了第一代Mavic无人驾驶飞机上运行良好的所有东西，只在有很大改进空间的领域工作。我们欣赏。在最初的Mavic中有很多好的东西，我们很高兴DJI没有尝试去修复那些没有损坏的东西。</span></span></span></p>\r\n', 1, 100, 100, 0, 0, '', '2018-10-04 17:51:32'),
(44, '彭博社：中国正评估合并中国联通和中国电信', 18, '头条,推荐', '中国联通和中国电信', '中国联通和中国电信', '/cms/uploads/20180904/20180904175438715.jpg', '新浪网站', 'admin', '新浪科技讯 北京时间9月4日下午消息，彭博社援引据知情人士称，中国正在研究合并三大无线运营商中的两家，以便加快发展5G移动服务。', '<p>新浪科技讯 北京时间9月4日下午消息，彭博社援引据知情人士称，中国正在研究合并三大无线运营商中的两家，以便加快发展5G移动服务。</p>\r\n\r\n<p>　　因消息没有公开而不愿具名的知情人士称，中国最高领导层正在审议一项<a href="http://stock.finance.sina.com.cn/usstock/quotes/CHU.html" target="_blank">中国联通</a>和<a href="http://stock.finance.sina.com.cn/usstock/quotes/CHA.html" target="_blank">中国电信</a>的合并计划，但目前尚未作出最后决定，合并也许不会发生。这两家国有公司的规模均不及中国移动，其香港上市子公司的合计市值超过700亿美元。</p>\r\n\r\n<p>　　发展和掌控5G的能力是重中之重。据宣传，这项高速无线技术是彻底改变从家用电器到汽车等方方面面事物使用方式的关键。</p>\r\n\r\n<p>中国联通的一位代表不予置评，中国电信没有回应置评请求。中国国有资产监督管理委员会以及工业和信息化部没有立即回复询问。</p>\r\n\r\n<p><img alt="" src="/cms/uploads/20180904/20180904175438715.jpg" /></p>\r\n', 1, 100, 100, 0, 0, '', '2018-10-04 17:56:05'),
(45, '苹果两款新设备疑似入网工信部 或为今年新款iPhone', 50, '头条,推荐', '苹果', '苹果', '/cms/uploads/20180904/20180904175850965.jpg', '新浪网站', 'admin', '　新浪手机讯 9月4日午间消息，据外媒HowToTechNaija报道，中国工信部已通过苹果两款编号为A1920、A1921的设备，疑似是6.1英寸新iPhone入网。', '<p>新浪手机讯 9月4日午间消息，据外媒HowToTechNaija报道，中国工信部已通过苹果两款编号为A1920、A1921的设备，疑似是6.1英寸新iPhone入网。</p>\r\n\r\n<p><img alt="外媒曝光的入网证书" src="https://n.sinaimg.cn/tech/transform/57/w630h227/20180904/jEiE-hiqtcap0241765.jpg" />外媒曝光的入网证书</p>\r\n\r\n<p>　　根据该媒体的说法，几个月前就在欧亚数据库发现了一系列运行iOS 12的设备&mdash;&mdash;A1920，A1921，A1984，A2097，A2098，A2099和A2101，A2103，A2104，A2105和A2106。</p>\r\n\r\n<p>　　如今，两款编号为A1920、A1921的设备已经入网工信部，不过并未透露这两款设备的具体信息，外媒推测这应该就是即将发布的6.1英寸LCD屏幕的新iPhone。</p>\r\n\r\n<p><img alt="我们在官方网站并未查询到相关信息" src="https://n.sinaimg.cn/tech/transform/156/w630h326/20180904/SdaB-hiqtcap0369298.png" />我们在官方网站并未查询到相关信息</p>\r\n\r\n<p>　　不过奇怪的是，我们到电信设备进网管理官网并未查到这两款设备的入网信息。所以这一消息的真实性还有待核实。事实上此前苹果也没有在发布会前过早登陆工信部的情况。</p>\r\n\r\n<p>　　更有意思的是，虽然没找到上述新iPhone的入网证书，我们却发现了A1652和A1550两款设备的入网信息，其入网证书已于近日重新签发。根据此前消息，这两款设备分别是iPad Pro和iPad mini。</p>\r\n\r\n<p><img alt="此前曝光的新iPhone" src="https://n.sinaimg.cn/tech/transform/238/w630h408/20180904/iE0g-hiqtcap0284060.jpg" />此前曝光的新iPhone</p>\r\n\r\n<p>　　据了解，苹果公司今年将会推出三款新iPhone设备，分别为6.5英寸OLED版iPhone、5.8英寸OLED版iPhone和6.1英寸LCD版iPhone。</p>\r\n', 1, 100, 100, 0, 0, '', '2018-10-04 17:58:56'),
(46, '疑似骁龙855现身Gb：多核跑分破万与苹果A11接近', 50, '头条,推荐', '骁龙855', '骁龙855', '/cms/uploads/20180904/20180904180112995.jpg', '新浪网站', 'admin', 'IT之家9月4日消息 根据IT之家的爆料，骁龙855将是高通明年上半年的旗舰移动平台，采用了7nm工艺，并且首次将内置一个专用的神经处理单元（NPU）。', '<p>　IT之家9月4日消息&nbsp;根据IT之家的爆料，骁龙855将是高通明年上半年的旗舰移动平台，采用了7nm工艺，并且首次将内置一个专用的神经处理单元（NPU）。</p>\r\n\r\n<p>　　在geekbench数据库中，一款并未注明型号的高通骁龙产品跑分曝光，Geekbench列表没有给我们芯片组的名称，只有它的代号&ldquo;msmnile&rdquo;。</p>\r\n\r\n<p>　　它采用了6GB内存，运行Android 9 Pie。其10，469的多核跑分结果与Apple的A11 Bionic SoC相近。在单核心得分方面，其仍然无法与苹果A11的约4，300分相媲美，但它的3697分表现也不俗。但苹果即将发布的A12肯定不会坐以待毙。</p>\r\n\r\n<p><img alt="" src="https://n.sinaimg.cn/tech/crawl/191/w550h441/20180904/ajrk-hiqtcan8459244.jpg" /></p>\r\n\r\n<p>　　还有一个可能，&ldquo;msmnile&rdquo;根本不是用于智能手机的芯片，而是高通为Windows设备准备的处理器。毕竟搭载了骁龙芯片的ARM Windows设备已经陆续开卖上市。</p>\r\n\r\n<p>　　骁龙855将于今年第四季度正式投入大规模量产，由台积电代工。按照惯例的话，明年初三星发布的S10手机或将首发骁龙855，而国内小米抢首发的可能性比较大一些，但之前联想表示将推全球首款骁龙855手机。</p>\r\n\r\n<p>　　NPU可以理解为是一个专门的AI硬件处理单元，通过嵌入式神经网络运算，能够更高效的处理和储存数据，擅长图像、视频等的数据处理，而且还有助于机器学习。</p>\r\n\r\n<p>　　据爆料，高通公司将于12月在年度技术峰会推出骁龙855。</p>\r\n', 1, 100, 100, 0, 0, '', '2018-09-04 18:01:22'),
(47, '谷歌下一代Android Q将限制6.0系统以下APP的运行', 50, '头条,推荐,加粗', 'Android', 'Android', '/cms/uploads/20180904/20180904180306996.jpg', '新浪网站', 'admin', '据XDA报道，AOSP中出现了面向第一代安卓系统的贡献代码，其中包括一项系统级的警告特性。在运行任何应用程序时，系统都会检查其API级别，如果低于或等于23（安卓5.0棒棒糖或更老），则会弹出警告，提示可能无法正常运行。', '<p>按照谷歌的命名习惯，下一代安卓系统会是Android Q（按照字母表排序），版本号或将为Android 10。</p>\r\n\r\n<p>　　据XDA报道，AOSP中出现了面向第一代安卓系统的贡献代码，其中包括一项系统级的警告特性。在运行任何应用程序时，<strong>系统都会检查其API级别，如果低于或等于23（安卓5.0棒棒糖或更老），则会弹出警告，提示可能无法正常运行。</strong></p>\r\n\r\n<p>　　其实在安卓9.0 Pie中就添加进这种特性了，比如基于安卓1.6（API level 4）开发的ManifestViewer应用，调用前就有弹窗警告。</p>\r\n\r\n<p><img alt="" src="https://n.sinaimg.cn/tech/crawl/756/w550h206/20180904/IjdP-hiqtcan7961097.jpg" /></p>\r\n\r\n<p>　　谷歌之所以这么做其实还是处于安全考虑，一些开发者之所以不愿使用安卓6.0以上的配套API，主要因为后者有着更严格的权限监控。</p>\r\n\r\n<p><img alt="" src="https://n.sinaimg.cn/tech/crawl/666/w550h116/20180904/RytS-hiqtcan7961450.jpg" /></p>\r\n\r\n<p>　　资料显示，<strong>从今年8月1日起，所有新向Play商店提交的应用都必须基于API Level 26（安卓8.0及以上）开发</strong>，同时，今年11月后，所有Play商店的存量应用也都要遵守这一规定，否则予以下架。谷歌此举首先是保证良好的兼容性，同时，API等级越高，也可以同步谷歌在安全性、隐私性、内存优化、电池优化的最新改善。</p>\r\n\r\n<p>&nbsp;</p>\r\n', 1, 100, 100, 0, 0, '', '2018-10-04 18:03:25'),
(48, '余承东首次透露华为P30：明年推出、要创销量新高', 50, '头条,推荐,加粗', 'P30', '华为', '/cms/uploads/20180904/20180904180543436.jpg', '新浪网站', 'admin', '在今年IFA18的专题发布会上，华为消费者业务CEO余承东公布数据称，P20系列上市仅五个月全球累积销量突破了1000万台。', '<p>在今年IFA18的专题发布会上，华为消费者业务CEO余承东公布数据称，P20系列上市仅五个月全球累积销量突破了1000万台。</p>\r\n\r\n<p>　　活动中，他还首秀了7nm麒麟980芯片，并表示首款搭载这颗SoC的手机Mate 20系列将于10月16日在伦敦登场。</p>\r\n\r\n<p>　　据Gizchina报道，会后的媒体群访环节，<strong>余承东还意外透露了P20的下一代产品&ldquo;P30&rdquo;，他是这么说的&ldquo;Mate 20卖得会比P20更好，同时，明年的P30还要继续刷新销售成绩&rdquo;。</strong></p>\r\n\r\n<p><img alt="" src="https://n.sinaimg.cn/tech/crawl/716/w550h166/20180904/2mIi-hiqtcan7765585.jpg" /></p>\r\n\r\n<p>　　他还指出，基于麒麟980的强大功能，Mate 20将具备实时物体识别、实时图像处理和实时对象分割功能。</p>\r\n\r\n<p>　　按照华为的惯例，&ldquo;P30&rdquo;预计会在明年春季（MWC2019？）推出，它同样会搭载麒麟980芯片，但与Mate 20不同的是，除了继承，其在外形设计、摄影录像方面有着更极致的追求。</p>\r\n\r\n<p><img alt="" src="https://n.sinaimg.cn/tech/crawl/217/w550h467/20180904/8V-E-hiqtcan7766901.jpg" /></p>\r\n', 1, 100, 100, 0, 0, '', '2018-10-04 18:05:58'),
(49, '屏下指纹有戏：三星计划年内推出新款Galaxy A手机', 50, '头条,推荐', '三星', '三星', '/cms/uploads/20180904/20180904180757496.jpg', '新浪网站', 'admin', '据著名财经媒体CNBC的报道，三星移动总裁高东真在接受CNBC采访时表示，未来三星将会改变手机战略，将更多的技术带入到中端手机之中，同时在年底之前推出全新的Galaxy A系列手机，届时将会采用三星最尖端的技术。', '<p>据著名财经媒体CNBC的报道，三星移动总裁高东真在接受CNBC采访时表示，未来三星将会改变手机战略，将更多的技术带入到中端手机之中，同时在年底之前推出全新的Galaxy A系列手机，届时将会采用三星最尖端的技术。</p>\r\n\r\n<p><img alt="" src="https://n.sinaimg.cn/tech/crawl/116/w550h366/20180904/yFtd-hiqtcan7747355.jpg" /></p>\r\n\r\n<p>　　三星高东真表示，全新的Galaxy A手机将会采用Galaxy S9/Note 9都没有采用的技术，主要面向于千禧一代打造，而这类消费群体的特征便是预算并不是很充裕，但是希望尝试最新的科技产品。</p>\r\n\r\n<p>　　此外三星的中端机也将推出更多的产品，以满足不同人群的需要，而根据韩媒之前的爆料，三星将会率先在Galaxy A系列手机上使用屏下指纹以及三摄像头设计，推出的目的可能是为了进行试验，为明年的Galaxy S10以及Galaxy X手机打下基础。</p>\r\n', 1, 100, 100, 0, 0, '', '2018-10-03 18:08:03'),
(50, '上市在即 谷歌Pixel 3/3 XL通过台湾NCC认证', 50, '头条,推荐', '谷歌', '谷歌', '/cms/uploads/20180904/20180904180950531.jpg', '新浪网站', 'admin', '多家外媒消息显示，谷歌将在今年10月9日发布新款旗舰手机Pixel 3、Pixel 3 XL。发布在即，这款手机的FCC认证文件已经于日前公布。现在据台湾媒体手机王消息，这款手机又已经通过了台湾地区的NCC认证。', '<p>多家外媒消息显示，谷歌将在今年10月9日发布新款旗舰手机Pixel 3、Pixel 3 XL。发布在即，这款手机的FCC认证文件已经于日前公布。现在据台湾媒体手机王消息，这款手机又已经通过了台湾地区的NCC认证。</p>\r\n\r\n<p><img alt="" src="https://n.sinaimg.cn/tech/crawl/300/w550h550/20180904/25kj-hiqtcan7741148.jpg" /></p>\r\n\r\n<p>　　这意味着，Pixel 3、Pixel 3 XL很有可能会成为首款在台湾市场开售的谷歌Pixel系列产品。谷歌台湾行销副总经理此前也确认过，Pixel手机会在台湾地区上市。</p>\r\n\r\n<p>　　认证信息明确标明了这两款手机的名称为Pixel 3、Pixel 3 XL，对应型号分别为G013A和G013C，这和此前FCC认证文件中的一致。此外，这两款手机支持台湾地区的全4G频段。</p>\r\n\r\n<p><img alt="" src="https://n.sinaimg.cn/tech/crawl/797/w550h247/20180904/bi_J-hiqtcan7741323.jpg" /></p>\r\n\r\n<p>　　据此前曝光的消息，Pixel 3 XL将会采用6.7英寸&ldquo;刘海&rdquo;屏幕，搭载高通骁龙845处理器，配备4GB RAM，电池容量为3430mAh，后置1200万像素单摄像头。</p>\r\n\r\n<p>　　Pixel 3则会采用18：9显示屏，尺寸为5.5英寸，分辨率为2160 x 1080。与较大的Pixel 3 XL不同，Pixel 3没有刘海，但保留了双800万像素自拍相机和立体声扬声器。该机将和Pixel 3 XL一样搭载骁龙845和4GB RAM，其电池容量为2915mAh。</p>\r\n', 1, 100, 100, 0, 0, '', '2018-10-01 18:09:55'),
(51, '贝嫂携孩子拍杂志，白衬衫配西装裤利落帅气，简直是人生赢家！', 31, '头条,推荐', '贝嫂', '贝嫂', '/cms/uploads/20180904/20180904181638110.jpg', 'www.qq.com', 'admin', '维多利亚贝克汉姆曾在1996年加入辣妹组合，成为一名歌手。而她在1999年也是跟球星贝克汉姆成为夫妻，也被大家亲切地称为贝嫂。她与贝克汉姆总共生育了四个孩子，她的时尚品牌也很成功，简直人生赢家！', '<p>近日，贝嫂携四个孩子一起拍摄杂志，也是为了庆祝她的时尚品牌成立十周年。事业和家庭都很美满的她更是众人羡慕的对象。贝嫂身穿一件白色衬衫，十分干脆利落，非常有女强人的风范，而与孩子同框更是霸气辣妈一枚。</p>\r\n\r\n<p><img src="https://inews.gtimg.com/newsapp_bt/0/5135057473/640" /></p>\r\n\r\n<p>　　白色衬衫干脆利落，非常帅气，很符合贝嫂女强人的形象，下身搭配黑色西装裤，虽然是简单的搭配，但却非常有高级感，手腕上的腕表更是精致。</p>\r\n\r\n<p><img src="https://inews.gtimg.com/newsapp_bt/0/5135057475/640" /></p>\r\n\r\n<p>　　这张照片则看起来非常和谐美满，这样的家庭也是十分让人羡慕的。小七也是长成大姑娘了，红裙非常可爱。而贝嫂一件藏青色无袖连衣裙也是简约，但却大秀好身材，贝嫂本身就身材苗条，藏蓝色更是显瘦。</p>\r\n\r\n<p><img src="https://inews.gtimg.com/newsapp_bt/0/5135057478/640" /></p>\r\n\r\n<p>　　贝嫂的个人照也是霸气十足了，如果说跟孩子同框是带着母性，那个人照就是酷帅霸气了。一身黑色套装的贝嫂姿势十分随性，但却不失霸气，丝毫不矫揉造作。扎起头发，束起发带也是运动风十足。</p>\r\n\r\n<p><img src="https://inews.gtimg.com/newsapp_bt/0/5135057480/640" /></p>\r\n\r\n<p>　　之前贝嫂出席活动时，一身条纹套装非常简约，但却气质满分。黑白竖条纹非常显瘦显高，竖条纹视觉上拉长了线条，是显瘦利器哦。腰间系上一根白色腰带，提高了腰线，分分钟腿长一米八！</p>\r\n\r\n<p><img src="https://inews.gtimg.com/newsapp_bt/0/5135058688/640" /></p>\r\n\r\n<p>　　身穿一件蓝白拼接波浪纹连衣裙，十分有女人味，精致感十足，贝嫂的私服都是化繁为简，毕竟简约才是不过时的时尚，脚上一双蓝色高跟鞋非常亮眼，为素净的配色增添了一抹亮色。</p>\r\n', 1, 100, 100, 0, 0, '', '2018-10-04 18:16:48'),
(52, '学会宋祖儿捉汉子妆，昊然学长跨校来看你啊！', 31, '头条,推荐,加粗', '宋祖儿', '宋祖儿', '/cms/uploads/20180904/20180904181928494.jpg', 'www.qq.com', 'admin', '最近中戏火啊，因为有昊然弟弟，军训都格外有趣有木有！当然了，我们北电也不甘示弱，毕竟宋祖儿也要入学了！不知道能否在红珊瑚偶遇……', '<p>从小美到大的化妆秘籍</p>\r\n\r\n<p>　　最近中戏火啊，因为有昊然弟弟，军训都格外有趣有木有！当然了，我们北电也不甘示弱，毕竟宋祖儿也要入学了！不知道能否在红珊瑚偶遇&hellip;&hellip;</p>\r\n\r\n<p><img src="https://inews.gtimg.com/newsapp_match/0/5133917714/0" /></p>\r\n\r\n<p>　　感觉北电很招童星的喜爱啊，今天我们来盘点一下北电著名小姑娘的妆容。</p>\r\n\r\n<p>　　宋祖儿</p>\r\n\r\n<p>　　从小哪吒走入大家视线的宋祖儿就是小仙女本人了。即使从国外学习回来，也还是跟小时候一样，一点没变。</p>\r\n\r\n<p><img src="https://inews.gtimg.com/newsapp_match/0/5133917715/0" /></p>\r\n\r\n<p>　　宋祖儿眉眼之间带着英气，因此在化妆的时候很注意眉形的选择。</p>\r\n\r\n<p><img src="https://inews.gtimg.com/newsapp_match/0/5133917716/0" /></p>\r\n\r\n<p>　　她的选择一般都是偏直又斜一点的平眉，能将它眉眼之间的英气自然而然的带出来。</p>\r\n\r\n<p><img src="https://inews.gtimg.com/newsapp_match/0/5133917717/0" /></p>\r\n\r\n<p>　　然而相比于眼妆，选择上就没有那么高的要求了。</p>\r\n\r\n<p><img src="https://inews.gtimg.com/newsapp_match/0/5133917718/0" /></p>\r\n\r\n<p>　　她的大眼睛很有活力，又有一种坚定的感觉，所以很少使用一些柔美的颜色来修饰。</p>\r\n\r\n<p><img src="https://inews.gtimg.com/newsapp_match/0/5133917719/0" /></p>\r\n\r\n<p>　　因为她的整张脸有时候会给人稚气未脱的感觉，因此在口红的选择上，有时候需要通过大红色来衬托。</p>\r\n\r\n<p><img src="https://inews.gtimg.com/newsapp_match/0/5133917720/0" /></p>\r\n', 1, 101, 100, 0, 0, '', '2018-10-04 18:19:37'),
(53, '村花杨超越逆袭成女神，20岁妙龄少女学生装，网友：年轻真好', 31, '头条,推荐,加粗', '杨超越', '杨超越', '/cms/uploads/20180904/20180904182147644.jpg', 'www.qq.com', 'admin', '其实，在网络上，大家对杨超越的评价一直都是褒贬不一，有的人说除了颜，杨超越其他方面毫无能力，有的人说，虽然杨超越在女团中表现平平但是有一直在努力追上大家的步伐，她的进步大家都是有目共睹的，无论褒也好，贬也好，她自己问心无愧对得起粉丝就行。那么让我们一起来看看村花杨超越的衣品吧。', '<p>Hi 大家好，我是何有强</p>\r\n\r\n<p>其实，在网络上，大家对杨超越的评价一直都是褒贬不一，有的人说除了颜，杨超越其他方面毫无能力，有的人说，虽然杨超越在女团中表现平平但是有一直在努力追上大家的步伐，她的进步大家都是有目共睹的，无论褒也好，贬也好，她自己问心无愧对得起粉丝就行。那么让我们一起来看看村花杨超越的衣品吧。</p>\r\n\r\n<p><img src="https://inews.gtimg.com/newsapp_bt/0/5134720401/1000" /></p>\r\n\r\n<p><img src="https://inews.gtimg.com/newsapp_bt/0/5134720402/1000" /></p>\r\n\r\n<p><img src="https://inews.gtimg.com/newsapp_bt/0/5134720403/1000" /></p>\r\n\r\n<p>在写真中，杨超越一改形象，淡妆出镜，恬淡清纯，套头条纹针织衫内搭一件牛仔衬衫，时尚感瞬间增加，在我们日常生活中条纹衫的上身率也是很高的，一件简单的条纹衫，清爽利落，还起到了减龄的作用。对于牛仔衬衫的使用可以搭配毛衣，或者夹克，这些搭配都可以瞬间提高时尚感。</p>\r\n\r\n<p><img src="https://inews.gtimg.com/newsapp_bt/0/5134720404/1000" /></p>\r\n\r\n<p>&nbsp;</p>\r\n\r\n<p>&nbsp;</p>\r\n\r\n<p>广袖的衬衣搭配格纹的吊带裙，青春可爱，整套服装中，银色腰带的收腰提高了腰线，将下半身的视觉效果拉伸，显得腿特别长，广袖采用两截式的设计，嗲味十足呢，相比散着头发，半丸子头显得更加精神，亭亭玉立的感觉。由此可见，发型也是着装中不可或缺的一部分。</p>\r\n\r\n<p>&nbsp;</p>\r\n\r\n<p>&nbsp;</p>\r\n\r\n<p><img src="https://inews.gtimg.com/newsapp_bt/0/5134721506/1000" /></p>\r\n\r\n<p>这套是一件浅蓝色的长袖T恤搭配牛仔短裤，看上去像个邻家妹妹，可爱的同时也很清爽。微蝙蝠衫的设计显得休闲随意，是喜欢简约风的学生党的喜爱。发型搭配高马尾更佳，这样显得更加青春，活力四射的感觉，想要追寻这样随意简约的小姐姐不妨试试这么穿搭哦~</p>\r\n\r\n<p><img src="https://inews.gtimg.com/newsapp_bt/0/5134721508/1000" /></p>\r\n\r\n<p><img src="https://inews.gtimg.com/newsapp_bt/0/5134722126/1000" /></p>\r\n', 1, 100, 100, 0, 0, '', '2018-09-04 18:22:08'),
(54, '村花杨超越逆袭成女神，20岁妙龄少女学生装，网友：年轻真好', 31, '头条,推荐,加粗', '杨超越', '杨超越', '/cms/uploads/20180904/20180904182147644.jpg', 'www.qq.com', 'admin', '其实，在网络上，大家对杨超越的评价一直都是褒贬不一，有的人说除了颜，杨超越其他方面毫无能力，有的人说，虽然杨超越在女团中表现平平但是有一直在努力追上大家的步伐，她的进步大家都是有目共睹的，无论褒也好，贬也好，她自己问心无愧对得起粉丝就行。那么让我们一起来看看村花杨超越的衣品吧。', '<p>Hi 大家好，我是何有强</p>\r\n\r\n<p>其实，在网络上，大家对杨超越的评价一直都是褒贬不一，有的人说除了颜，杨超越其他方面毫无能力，有的人说，虽然杨超越在女团中表现平平但是有一直在努力追上大家的步伐，她的进步大家都是有目共睹的，无论褒也好，贬也好，她自己问心无愧对得起粉丝就行。那么让我们一起来看看村花杨超越的衣品吧。</p>\r\n\r\n<p><img src="https://inews.gtimg.com/newsapp_bt/0/5134720401/1000" /></p>\r\n\r\n<p><img src="https://inews.gtimg.com/newsapp_bt/0/5134720402/1000" /></p>\r\n\r\n<p><img src="https://inews.gtimg.com/newsapp_bt/0/5134720403/1000" /></p>\r\n\r\n<p>在写真中，杨超越一改形象，淡妆出镜，恬淡清纯，套头条纹针织衫内搭一件牛仔衬衫，时尚感瞬间增加，在我们日常生活中条纹衫的上身率也是很高的，一件简单的条纹衫，清爽利落，还起到了减龄的作用。对于牛仔衬衫的使用可以搭配毛衣，或者夹克，这些搭配都可以瞬间提高时尚感。</p>\r\n\r\n<p><img src="https://inews.gtimg.com/newsapp_bt/0/5134720404/1000" /></p>\r\n\r\n<p>&nbsp;</p>\r\n\r\n<p>&nbsp;</p>\r\n\r\n<p>广袖的衬衣搭配格纹的吊带裙，青春可爱，整套服装中，银色腰带的收腰提高了腰线，将下半身的视觉效果拉伸，显得腿特别长，广袖采用两截式的设计，嗲味十足呢，相比散着头发，半丸子头显得更加精神，亭亭玉立的感觉。由此可见，发型也是着装中不可或缺的一部分。</p>\r\n\r\n<p>&nbsp;</p>\r\n\r\n<p>&nbsp;</p>\r\n\r\n<p><img src="https://inews.gtimg.com/newsapp_bt/0/5134721506/1000" /></p>\r\n\r\n<p>这套是一件浅蓝色的长袖T恤搭配牛仔短裤，看上去像个邻家妹妹，可爱的同时也很清爽。微蝙蝠衫的设计显得休闲随意，是喜欢简约风的学生党的喜爱。发型搭配高马尾更佳，这样显得更加青春，活力四射的感觉，想要追寻这样随意简约的小姐姐不妨试试这么穿搭哦~</p>\r\n\r\n<p><img src="https://inews.gtimg.com/newsapp_bt/0/5134721508/1000" /></p>\r\n\r\n<p><img src="https://inews.gtimg.com/newsapp_bt/0/5134722126/1000" /></p>\r\n', 1, 100, 100, 0, 0, '', '2018-09-04 18:22:09'),
(55, '崔雪莉现身机场，穿军绿色风衣搭配阔腿裤，示范早秋穿搭！', 31, '头条,推荐,加粗', '崔雪莉', '崔雪莉', '/cms/uploads/20180904/20180904182331850.jpg', 'www.qq.com', 'admin', '崔雪莉是韩国著名女艺人，曾担任女子团体F（x）的主场及颜值担当，作为颜值担当美貌自然是不在话下，而她的衣品也是非常好的，不管是什么风格都能完美驾驭。', '<p>崔雪莉是韩国著名女艺人，曾担任女子团体F（x）的主场及颜值担当，作为颜值担当美貌自然是不在话下，而她的衣品也是非常好的，不管是什么风格都能完美驾驭。</p>\r\n\r\n<p><img src="https://inews.gtimg.com/newsapp_bt/0/5134938547/640" /></p>\r\n\r\n<p>　　近日，崔雪莉现身韩国仁川机场，一套机场私服也是实力带货，顶着25度的温度也要穿风衣。Burberry的军绿色风衣，时尚感十足，军绿色也是经久不衰的时尚元素，而B家的风衣都是经典款，非常耐看。</p>\r\n\r\n<p><img src="https://inews.gtimg.com/newsapp_bt/0/5134938549/640" /></p>\r\n\r\n<p>　　下身搭配黑色阔腿，休闲范十足。风衣原本应该是较为有女人味的，但是当风衣搭配上阔腿裤就是女人味中带着休闲风，非常精致了。点缀印花丝巾，是点睛之笔了。</p>\r\n\r\n<p><img src="https://inews.gtimg.com/newsapp_bt/0/5134938550/640" /></p>\r\n\r\n<p>　　而之前崔雪莉出席活动时，身穿一件Dior吊带透明薄纱裙，杏色的纱裙显得气质温柔，内搭一件黑色打底裙，性感十足，却又不媚俗。</p>\r\n\r\n<p><img src="https://inews.gtimg.com/newsapp_bt/0/5043759905/640" /></p>\r\n\r\n<p>　　而这一套则是家居私服了，长发的雪莉穿上绿色条纹吊带短裙，身材非常好，大秀长腿，但又有清纯感，绿色也非常有夏日清新的气息，清凉一下，是夏季必备单品了。</p>\r\n', 1, 100, 100, 0, 0, '', '2018-09-04 18:23:37'),
(56, '40＋女神的撞衫大战，郑秀文秀出直角肩，秒杀了莫文蔚和舒淇！', 50, '头条,推荐,加粗', '40＋', '40＋', '/cms/uploads/20180904/20180904182622553.jpg', 'www.qq.com', 'admin', '舒淇，42岁；莫文蔚，48岁；郑秀文，46岁……却通通都拥有30+的颜值和20+的潮流触觉。', '<p>舒淇，42岁；莫文蔚，48岁；郑秀文，46岁&hellip;&hellip;却通通都拥有30+的颜值和20+的潮流触觉。</p>\r\n\r\n<p><img src="https://inews.gtimg.com/newsapp_match/0/5134239000/0" /></p>\r\n\r\n<p>　　最近她们看上了同一件versace2018系列的花裙子，引发了一场熟女撞衫大战，谁演绎得更好？</p>\r\n\r\n<p><img src="https://inews.gtimg.com/newsapp_match/0/5134239081/0" /></p>\r\n\r\n<p>&nbsp;</p>\r\n\r\n<p>　　先看莫文蔚PK舒淇，两个都选择搭配T恤+宽腰带。</p>\r\n\r\n<p>　　不过舒淇的T恤是白色的，比起莫文蔚的黑白拼色TEE更简约，不会抢了花裙子的风采，显得更张弛有度。这一局舒淇赢。</p>\r\n\r\n<p>&nbsp;</p>\r\n\r\n<p>　　再来看舒淇PK郑秀文。明显后者的搭配思路更优秀。这条花苞型的裙子体积非常庞大，很容易显得下半身笨重，如果上半身不适当露肤，就会显得全身都很累赘。</p>\r\n\r\n<p>　　舒淇搭配短袖白TEE，虽说已经很轻盈。但郑秀文更彻底，直接搭配抹胸。不但秀出出修长的肩颈线，还勾勒出上半身的紧致身形，跟下半身形成一个视觉反差，显得腰线特别纤细。</p>\r\n\r\n<p><img src="https://inews.gtimg.com/newsapp_match/0/5134409187/0" /></p>\r\n\r\n<p>　　她的直角肩线条也太美了，给这一身又加上了不少分。</p>\r\n\r\n<p>&nbsp;</p>\r\n\r\n<p>　　这场撞衫大战的最终赢家应该说是郑秀文，但其实三位的演绎都不俗。</p>\r\n', 1, 100, 100, 0, 0, '', '2018-09-04 18:26:35'),
(57, '新生代超模的8个日常造型，给你90年代风格穿搭灵感', 31, '头条,推荐,加粗', '超模', '超模', '/cms/uploads/20180904/20180904182842516.jpg', 'www.qq.com', 'admin', '看过 Kaia Gerber 的天桥台步，都会惊讶这年纪小小的女孩，已完美遗传了母亲 Cindy Crawford 的功架，成为独当一面的超模指日可待。不久前她与 Karl Lagerfeld 的合作系列亦告登场，从中可以看出新生代超模的加州风品味。但看完她私下的穿搭，你更会惊觉她有点 90 年代的时尚触觉！', '<p>看过 Kaia Gerber 的天桥台步，都会惊讶这年纪小小的女孩，已完美遗传了母亲 Cindy Crawford 的功架，成为独当一面的超模指日可待。不久前她与 Karl Lagerfeld 的合作系列亦告登场，从中可以看出新生代超模的加州风品味。但看完她私下的穿搭，你更会惊觉她有点 90 年代的时尚触觉！</p>\r\n\r\n<p><img alt="" src="https://inews.gtimg.com/newsapp_bt/0/5137811048/1000" /></p>\r\n\r\n<p>&nbsp;</p>\r\n\r\n<p><img alt="" src="https://inews.gtimg.com/newsapp_bt/0/5137811050/1000" /></p>\r\n', 1, 100, 100, 0, 0, '', '2018-09-04 18:28:54'),
(59, '库克解释为什么苹果iPhone XS Max这么贵', 50, '头条,推荐,加粗,跳转', 'iphone ', 'iphone XS Max', '/Testcms/uploads/20180919/20180919170249943.jpg', 'www.163.com', 'admin', '苹果首席执行官蒂姆库克在接受美国广播公司“早安美国”采访时为价格高昂的iPhone?XS Max辩护，称“它是我们做过的最先进的iPhone”，并取代了消费者可能需要的所有其他数码产品。\r\n\r\n', '<p>苹果首席执行官蒂姆库克在接受美国广播公司&ldquo;早安美国&rdquo;采访时为价格高昂的iPhone?XS Max辩护，</p>\r\n\r\n<p>称&ldquo;它是我们做过的最先进的iPhone&rdquo;，并取代了消费者可能需要的所有其他数码产品。</p>\r\n\r\n<p><img alt="苹果iPhone支持e-SIM或将改变世界 引起e-SIM热潮" src="http://cms-bucket.nosdn.127.net/catchpic/6/68/68e0f8c663717507fe6bd433aceda49e.jpg?imageView&amp;thumbnail=550x0" style="height:513px; width:728px" title="苹果iPhone支持e-SIM或将改变世界 引起e-SIM热潮" /></p>\r\n\r\n<p>&ldquo;iPhone已经取代了你的数码相机，你再也不用带着它了。iPhone已经取代了你的摄像机，取代了你的音乐播放器，</p>\r\n\r\n<p>取代了所有这些不同的设备，&rdquo;库克说。&ldquo;所以可以说这款产品非常重要，我们发现人们希望拥有最具创新性的产品，这样做并不便宜。&rdquo;</p>\r\n\r\n<p>苹果最新推出的iPhone系列- iPhone XR，XS和XS Max，最贵的型号售价高达12799元，比一些Mac电脑还贵。</p>\r\n\r\n<p>&ldquo;大多数人会向运营商分期支付费用，因此即使售价超过1000美元的手机，大多数人每月只需要支付约30美元，也就是每天大约1美元，&ldquo;库克说。</p>\r\n', 1, 32767, 32767, 0, 0, '', '2018-09-19 17:03:37');


CREATE TABLE IF NOT EXISTS `cms_leval` (
  `id` mediumint(8) unsigned NOT NULL AUTO_INCREMENT,
  `leval_name` varchar(20) NOT NULL COMMENT '//等级名称',
  `leval_info` varchar(200) NOT NULL COMMENT '//等级说明',
  PRIMARY KEY (`id`)
) ENGINE=MyISAM  DEFAULT CHARSET=utf8 AUTO_INCREMENT=33 ;


INSERT INTO `cms_leval` (`id`, `leval_name`, `leval_info`) VALUES
(1, '评论专员', '可以对文章的评论进行回复及删除。'),
(2, '超级管理员', '最大的权限，如果只有一个管理员的情况下不能删除自己。'),
(3, '发帖专员', '可以发表文章即修改文章和删除文章的权限。'),
(4, '普通管理员', '除了不能操作别的管理员，其他任何后台功能都能操作。'),
(6, '会员专员', '只有管理会员的权限，可以执行新增、删除、添加、查询等操作。'),
(5, '后台游客', '只有访问后台的权利。');


CREATE TABLE IF NOT EXISTS `cms_link` (
  `id` mediumint(8) unsigned NOT NULL AUTO_INCREMENT,
  `webname` varchar(20) NOT NULL COMMENT '//网站名称',
  `weburl` varchar(100) NOT NULL COMMENT '//网站地址',
  `logourl` varchar(100) NOT NULL COMMENT '//logo地址',
  `user` varchar(20) NOT NULL COMMENT '//站长',
  `type` tinyint(1) NOT NULL DEFAULT '0' COMMENT '//类型',
  `state` tinyint(1) NOT NULL DEFAULT '0' COMMENT '//状态',
  `date` datetime NOT NULL COMMENT '//创建时间',
  PRIMARY KEY (`id`)
) ENGINE=MyISAM  DEFAULT CHARSET=utf8 AUTO_INCREMENT=33 ;

INSERT INTO `cms_link` (`id`, `webname`, `weburl`, `logourl`, `user`, `type`, `state`, `date`) VALUES
(1, '百度', 'http://www.baidu.com', '', '李彦宏', 1, 0, '2018-05-29 18:59:15'),
(2, '360', 'http://www.360.com', '', '周鸿t', 1, 1, '2018-05-29 19:00:42'),
(3, '淘宝网', 'http://www.taobao.com', '', '马云', 1, 1, '2018-05-29 19:01:27'),
(4, '网易', 'http://www.163.com', 'image/163.png', '丁磊', 2, 1, '2018-05-29 19:20:21'),
(5, '新浪', 'http://www.sina.com', 'image/sina.png', '新浪', 2, 1, '2018-05-29 19:23:39'),
(6, '中国网', 'http://www.chinanews.com', 'image/chinanews.png', '张三', 2, 1, '2018-05-29 20:45:54'),
(7, '腾讯网', 'http://www.qq.com', 'image/tencent.png', '马化腾', 2, 1, '2018-05-29 20:47:29'),
(8, '央视网', 'http://www.cctv.com', 'image/yanshi.png', '央视网', 2, 1, '2018-05-29 20:50:26'),
(9, '21CN', 'http://www21cn.com', 'image/21cn.png', '21CN', 2, 1, '2018-05-29 20:51:44'),
(10, 'china', 'http://www.china.com', 'image/china.png', 'china', 2, 1, '2018-05-29 20:52:27'),
(11, '中国日报网', 'http://www.news.com', 'image/news.png', '中国日报网', 2, 1, '2018-05-29 20:53:12'),
(12, '凤凰网', 'http://www.fenghuang.com', 'image/fenghuang.png', '凤凰网', 2, 1, '2018-05-29 20:54:10'),
(13, '人民网', 'http://www.people.com', '', '人民网', 1, 1, '2018-05-29 20:55:50'),
(14, '新华网', 'http://www.xinhua.com', '', '新华网', 1, 1, '2018-05-29 20:56:23'),
(15, '央视新闻网', 'http://www.cctvnews.com', '', '央视新闻网', 1, 1, '2018-05-29 20:57:09'),
(16, '腾讯新闻', 'http://www.qq.com', '', '腾讯新闻', 1, 1, '2018-05-29 20:57:57'),
(17, '中国新闻日报', 'http://www.chinanews.com', '', '中国新闻日报', 1, 1, '2018-05-29 20:58:46'),
(18, '搜狐视频', 'http://www.souhu.com', '', '张朝阳', 1, 1, '2018-05-29 20:59:33'),
(19, '优酷视频', 'http://www.youku.com', '', '毛孔会', 1, 1, '2018-05-29 21:00:50'),
(20, '中国青年网', 'http://www.peoplecctv.com', '', '中国青年网', 1, 1, '2018-05-29 21:01:25'),
(21, '唯品会', 'http://www.wph.com', '', '陈赓', 1, 1, '2018-05-29 21:02:38'),
(22, '亚马逊', 'http://www.yamaxun.com', '', '亚马逊', 1, 1, '2018-05-29 21:03:21'),
(23, '当当网', 'http://www.ddw.com', '', '当当网', 1, 1, '2018-05-29 21:05:36'),
(24, '爱奇艺视频', 'http://www.chinanews.com', '', '爱奇艺视频', 1, 1, '2018-05-29 21:43:05'),
(25, '哔哩哔哩动画', 'http://www.bilibili.com', '', '哔哩哔哩动画', 1, 1, '2018-05-29 21:44:50');


CREATE TABLE IF NOT EXISTS `cms_manage` (
  `id` mediumint(8) unsigned NOT NULL AUTO_INCREMENT,
  `admin_user` varchar(20) NOT NULL COMMENT '//管理员账号',
  `admin_pass` char(40) NOT NULL COMMENT '//管理员密码',
  `leval` tinyint(1) unsigned NOT NULL DEFAULT '1' COMMENT '//管理员等级',
  `login_count` smallint(5) NOT NULL DEFAULT '0' COMMENT '//管理员登录次数',
  `last_ip` varchar(20) NOT NULL DEFAULT '000.000.000.000' COMMENT '//最后一次ip',
  `last_time` datetime NOT NULL COMMENT '//最后一次登录时间',
  `reg_time` datetime NOT NULL COMMENT '//注册时间',
  PRIMARY KEY (`id`)
) ENGINE=MyISAM  DEFAULT CHARSET=utf8 AUTO_INCREMENT=73 ;


INSERT INTO `cms_manage` (`id`, `admin_user`, `admin_pass`, `leval`, `login_count`, `last_ip`, `last_time`, `reg_time`) VALUES
(1, 'admin', '7c4a8d09ca3762af61e59520943dc26494f8941b', 2, 0, '000.000.000.000', '0000-00-00 00:00:00', '2018-05-16 06:21:19'),
(2, 'wangqiang', 'c3925a6030a9aa3f515a21796688485cea9fd3d7', 6, 0, '000.000.000.000', '2018-05-16 06:21:19', '2018-05-16 06:21:19'),
(4, 'lisi', '41009ccf47f70965bed820412e63e3c46a455ba3', 1, 0, '000.000.000.000', '0000-00-00 00:00:00', '2018-05-14 00:00:00'),
(5, 'wangwu', '20eabe5d64b0e216796e834f52d61fd0b70332fc', 4, 0, '000.000.000.000', '2018-05-15 00:00:00', '2018-05-16 00:00:00'),
(6, 'zhaoliu', '7c4a8d09ca3762af61e59520943dc26494f8941b', 3, 0, '000.000.000.000', '2018-05-14 00:00:00', '2018-05-15 00:00:00'),
(16, 'chengqi', '7c4a8d09ca3762af61e59520943dc26494f8941b', 3, 0, '000.000.000.000', '0000-00-00 00:00:00', '2018-05-16 16:51:43'),
(33, '李嘉欣', '2fec6d6019de25ec7a688fb7f2ecbf5e3fe29d01', 6, 0, '000.000.000.000', '0000-00-00 00:00:00', '2018-05-16 20:22:25'),
(13, 'rose', '7c4a8d09ca3762af61e59520943dc26494f8941b', 6, 0, '000.000.000.000', '0000-00-00 00:00:00', '2018-05-16 16:31:06'),
(49, '周润发', '7c4a8d09ca3762af61e59520943dc26494f8941b', 2, 0, '000.000.000.000', '0000-00-00 00:00:00', '2018-05-17 15:36:13'),
(34, '刘德华', '7c4a8d09ca3762af61e59520943dc26494f8941b', 1, 0, '000.000.000.000', '0000-00-00 00:00:00', '2018-05-16 20:34:05'),
(32, '朱茵', '7c4a8d09ca3762af61e59520943dc26494f8941b', 1, 0, '000.000.000.000', '0000-00-00 00:00:00', '2018-05-16 20:22:09'),
(31, '周星驰', '7c4a8d09ca3762af61e59520943dc26494f8941b', 2, 0, '000.000.000.000', '0000-00-00 00:00:00', '2018-05-16 20:21:53'),
(50, '张国荣', '7c4a8d09ca3762af61e59520943dc26494f8941b', 6, 0, '000.000.000.000', '0000-00-00 00:00:00', '2018-05-17 15:36:47'),
(35, '叶倩文', '7c4a8d09ca3762af61e59520943dc26494f8941b', 1, 0, '000.000.000.000', '0000-00-00 00:00:00', '2018-05-16 20:34:20'),
(58, '关之琳', '7c4a8d09ca3762af61e59520943dc26494f8941b', 5, 0, '000.000.000.000', '0000-00-00 00:00:00', '2018-05-17 20:32:58');

CREATE TABLE IF NOT EXISTS `cms_nav` (
  `id` mediumint(8) unsigned NOT NULL AUTO_INCREMENT,
  `nav_name` varchar(20) NOT NULL COMMENT '//导航名称',
  `nav_info` varchar(200) NOT NULL COMMENT '//简介',
  `pid` mediumint(8) unsigned NOT NULL DEFAULT '0' COMMENT '//父类id',
  `sort` mediumint(8) unsigned NOT NULL COMMENT '//排序',
  PRIMARY KEY (`id`)
) ENGINE=MyISAM  DEFAULT CHARSET=utf8 AUTO_INCREMENT=52 ;

INSERT INTO `cms_nav` (`id`, `nav_name`, `nav_info`, `pid`, `sort`) VALUES
(1, '军事动态', '主要是关于军事上的新闻', 0, 1),
(2, '科技频道', '主要是关于科技方面的新闻和专栏，还有一些前沿科技信息。', 0, 2),
(3, '智能手机', '主要是关于手机方面的新闻。\r\n今年苹果又将发布一款小尺寸手机。\r\n', 0, 3),
(4, '时尚健康', '主要是关于美容护肤还有美容护肤品的新闻', 0, 4),
(5, '热门汽车', '主要是关于一些比较热门汽车还有奢侈超级跑车的新闻', 0, 5),
(6, '房产家居', '主要是关于房地产的新闻', 0, 6),
(7, '读书教育', '主要是关于读书的新闻', 0, 7),
(8, '时尚女人', '这是关于女性时尚的新闻。', 0, 8),
(9, '股票基金', '主要是关于国内外经济的问题，还有一些股票问题。', 0, 9),
(10, '八卦娱乐', '这是关于八卦娱乐的新闻', 0, 10),
(18, '高考专栏', '一年一度的高考又快要来临了，你们准备好了吗？', 2, 18),
(50, '苹果手机发布', '苹果手机将于9月13号发布', 3, 50),
(19, '中国军事', '近几年，中国在海洋领域，付出很多，也建造了航空母舰。', 1, 19),
(20, '福特汽车', '福特又推出了一款新的小轿车', 3, 20),
(24, '美国军事', '美国军事', 1, 24),
(26, '俄罗斯军事', '俄罗斯军事', 1, 26),
(27, '日本军事', '日本军事', 1, 27),
(29, '英国军事', '英国军事', 1, 29),
(31, '韩国军事', '韩国军事', 4, 31),
(37, '越南军事', '越南军事', 1, 37),
(38, '法国军事', '法国军事', 1, 38);

CREATE TABLE IF NOT EXISTS `cms_user` (
  `id` mediumint(8) unsigned NOT NULL AUTO_INCREMENT COMMENT '//用户编号',
  `user` varchar(20) NOT NULL COMMENT '//用户名',
  `pass` char(40) NOT NULL COMMENT '//密码',
  `email` varchar(30) NOT NULL COMMENT '//邮箱',
  `face` varchar(20) NOT NULL COMMENT '//头像',
  `question` varchar(20) NOT NULL COMMENT '//密码提示',
  `answer` varchar(20) NOT NULL COMMENT '//密码回答',
  `state` tinyint(1) NOT NULL DEFAULT '1' COMMENT '//状态',
  `time` char(10) NOT NULL COMMENT '//最近登录会员',
  `date` datetime NOT NULL COMMENT '//注册时间',
  PRIMARY KEY (`id`)
) ENGINE=MyISAM  DEFAULT CHARSET=utf8 AUTO_INCREMENT=41 ;

INSERT INTO `cms_user` (`id`, `user`, `pass`, `email`, `face`, `question`, `answer`, `state`, `time`, `date`) VALUES
(8, '张三', '7c4a8d09ca3762af61e59520943dc26494f8941b', '123456@qq.com', '16.jpg', '你的姓名？', '张三', 1, '1527577628', '2018-05-22 14:19:17'),
(9, '李四', '7c4a8d09ca3762af61e59520943dc26494f8941b', '123456789@qq.com', '15.jpg', '', '', 1, '1527062596', '2018-05-22 14:20:06'),
(25, 'jack', '7c4a8d09ca3762af61e59520943dc26494f8941b', '153jack@163.com', '2.jpg', '', '', 1, '', '2018-05-22 21:07:46'),
(10, '王五', '7c4a8d09ca3762af61e59520943dc26494f8941b', '1234567@qq.com', '7.jpg', '你的年龄？', '19', 1, '1527034681', '2018-05-22 14:20:44'),
(11, '陈六', '7c4a8d09ca3762af61e59520943dc26494f8941b', '234578@163.com', '14.jpg', '你的学校？', 'bbc', 1, '1527034729', '2018-05-22 14:21:24'),
(12, '曹七', '7c4a8d09ca3762af61e59520943dc26494f8941b', '34566543@qq.com', '13.jpg', '', '', 1, '1527034750', '2018-05-22 14:21:52'),
(13, '朱八', '7c4a8d09ca3762af61e59520943dc26494f8941b', '1234abc56@qq.com', '12.jpg', '', '', 1, '', '2018-05-22 14:22:34'),
(35, 'bbc', '7c4a8d09ca3762af61e59520943dc26494f8941b', '123bbc@163.com', '9.jpg', '', '', 1, '1527035063', '2018-05-23 08:23:24'),
(16, 'wangqiang', '7c4a8d09ca3762af61e59520943dc26494f8941b', '123321@qq.com', '9.jpg', '', '', 1, '1537185411', '2018-05-22 16:38:08'),
(21, '王强', '7c4a8d09ca3762af61e59520943dc26494f8941b', '23455431@qq.com', '17.jpg', '', '', 1, '1539928297', '2018-05-22 18:01:40'),
(22, '小张', '7c4a8d09ca3762af61e59520943dc26494f8941b', '12346980@qq.com', '18.jpg', '你的姓名？', '小张', 1, '1527035823', '2018-05-22 18:17:09'),
(24, '李小四', '7c4a8d09ca3762af61e59520943dc26494f8941b', '13579@qq.com', '19.jpg', '你的姓名？', '李四', 1, '', '2018-05-22 20:52:55'),
(26, '露丝', '7c4a8d09ca3762af61e59520943dc26494f8941b', '1234rose@qq.com', '5.jpg', '你的姓名？', 'rose', 1, '', '2018-05-22 23:02:31'),
(28, '大卫', '7c4a8d09ca3762af61e59520943dc26494f8941b', 'dawei@163.com', '9.jpg', '', '', 1, '', '2018-05-22 23:07:33'),
(37, '小丽', '7c4a8d09ca3762af61e59520943dc26494f8941b', 'xiaoxiao@163.com', '16.jpg', '', '', 1, '1527157816', '2018-05-24 18:30:19'),
(38, '刘德华', '7c4a8d09ca3762af61e59520943dc26494f8941b', 'liudehua@qq.com', '15.jpg', '', '', 1, '1528779342', '2018-06-12 12:54:52'),
(39, '王承毅', '7c4a8d09ca3762af61e59520943dc26494f8941b', '2845333366@qq.com', '17.jpg', '你的年龄？', '21', 1, '1536059717', '2018-09-04 19:15:20'),
(40, '李彦宏', '7c4a8d09ca3762af61e59520943dc26494f8941b', 'lyh@qq.com', '18.jpg', '你的姓名？', '李彦宏', 1, '1537352145', '2018-09-19 18:15:48');

CREATE TABLE IF NOT EXISTS `cms_vote` (
  `id` mediumint(8) unsigned NOT NULL AUTO_INCREMENT,
  `title` varchar(20) NOT NULL,
  `info` varchar(200) NOT NULL,
  `vid` mediumint(9) NOT NULL DEFAULT '0',
  `count` smallint(6) NOT NULL DEFAULT '0',
  `state` tinyint(1) NOT NULL DEFAULT '0',
  `date` datetime NOT NULL,
  PRIMARY KEY (`id`)
) ENGINE=MyISAM  DEFAULT CHARSET=utf8 AUTO_INCREMENT=32 ;


INSERT INTO `cms_vote` (`id`, `title`, `info`, `vid`, `count`, `state`, `date`) VALUES
(1, '2018俄罗斯世界杯,您支持哪支球队？', '2018世界杯,您支持那支球队？', 0, 0, 1, '2018-05-29 11:06:57'),
(2, '您最想去的旅游景点是哪里', '您最想去的旅游景点是哪里', 0, 0, 0, '2018-05-29 11:07:56'),
(3, '您最理想的职业是什么', '您最理想的职业是什么', 0, 0, 0, '2018-05-29 11:08:45'),
(4, '你最喜欢听谁的歌', '你最喜欢听谁的歌', 0, 0, 0, '2018-05-29 11:25:08'),
(5, '您最喜欢的爱好是什么', '您最喜欢的爱好是什么', 0, 0, 0, '2018-05-29 12:50:42'),
(6, '医生', '医生', 3, 0, 0, '2018-05-29 13:13:24'),
(7, '足球和网球', '足球和网球', 5, 0, 0, '2018-05-29 13:14:48'),
(8, '周传雄，刘德华，张学友', '周传雄，刘德华，张学友', 4, 0, 0, '2018-05-29 13:15:23'),
(9, '西班牙,英格兰', '西班牙,英格兰', 1, 25, 0, '2018-05-29 13:15:44'),
(10, '美国黄石国家公园', '美国黄石国家公园', 2, 0, 0, '2018-05-29 13:16:23'),
(16, '巴西,哥伦比亚', '巴西', 1, 10, 0, '2018-05-29 14:14:08'),
(12, '陈奕迅，周传雄', '陈奕迅，周传雄', 4, 0, 0, '2018-05-29 13:22:09'),
(14, '阿根廷、法国', '阿根廷', 1, 11, 0, '2018-05-29 14:03:08'),
(15, '律师', '律师', 3, 0, 0, '2018-05-29 14:04:34'),
(24, '蓝球', '', 5, 0, 0, '2018-09-04 14:58:06');

